trial,env,year_harvest,location,trial_type,accession_name,geno,plot_number,block_number,is_a_control,rep_number,row_number,col_number,dm,starch
19.GS.C4B.PYT.500.IK,IK20,2020,Ikenne,PYT,TMS18F1305P0138,,1002,1,,1,1,2,43.3,33.5
19.GS.C4B.PYT.500.IK,IK20,2020,Ikenne,PYT,TMS18F1258P0153,,1007,1,,1,1,7,38.8,34
19.GS.C4B.PYT.500.IK,IK20,2020,Ikenne,PYT,TMS18F1308P0077,,1011,1,,1,1,11,38.7,31.3
19.GS.C4B.PYT.500.IK,IK20,2020,Ikenne,PYT,TMS18F1340P0030,,1017,1,,1,1,17,38,31.8
19.GS.C4B.PYT.500.IK,IK20,2020,Ikenne,PYT,TMS18F1334P0023,,1022,1,,1,1,22,42.2,37.4
19.GS.C4B.PYT.500.IK,IK20,2020,Ikenne,PYT,TMS18F1272P0037,,1023,1,,1,1,23,31.5,24
19.GS.C4B.PYT.500.IK,IK20,2020,Ikenne,PYT,TMS18F1306P0129,,1025,1,,1,1,25,36.9,30.2
19.GS.C4B.PYT.500.IK,IK20,2020,Ikenne,PYT,TMS18F1349P0064,,1026,2,,1,2,25,32.7,28.7
19.GS.C4B.PYT.500.IK,IK20,2020,Ikenne,PYT,IITA-TMS-IBA000070,,1027,2,1,1,2,24,36.1,32.7
19.GS.C4B.PYT.500.IK,IK20,2020,Ikenne,PYT,TMS18F1343P0014,,1028,2,,1,2,23,27.9,24.5
19.GS.C4B.PYT.500.IK,IK20,2020,Ikenne,PYT,TMS18F1076P0121,,1029,2,,1,2,22,41.8,36.1
19.GS.C4B.PYT.500.IK,IK20,2020,Ikenne,PYT,TMS18F1064P0027,,1036,2,,1,2,15,27,
19.GS.C4B.PYT.500.IK,IK20,2020,Ikenne,PYT,TMS18F1324P0171,,1037,2,,1,2,14,43.7,
19.GS.C4B.PYT.500.IK,IK20,2020,Ikenne,PYT,TMS18F1286P0012,,1040,2,,1,2,11,41.1,34.1
19.GS.C4B.PYT.500.IK,IK20,2020,Ikenne,PYT,TMS18F1366P0012,,1041,2,,1,2,10,28.1,27.5
19.GS.C4B.PYT.500.IK,IK20,2020,Ikenne,PYT,TMS18F1396P0053,,1043,2,,1,2,8,35.6,31
19.GS.C4B.PYT.500.IK,IK20,2020,Ikenne,PYT,IITA-TMS-IBA980581,,1044,2,1,1,2,7,37.3,33.3
19.GS.C4B.PYT.500.IK,IK20,2020,Ikenne,PYT,TMS18F1354P0027,,1046,2,,1,2,5,41.8,
19.GS.C4B.PYT.500.IK,IK20,2020,Ikenne,PYT,TMS18F1163P0042,,1049,2,,1,2,2,,36
19.GS.C4B.PYT.500.IK,IK20,2020,Ikenne,PYT,TMS18F1365P0018,,1050,2,,1,2,1,32.2,34.3
19.GS.C4B.PYT.500.IK,IK20,2020,Ikenne,PYT,TMS18F1319P0033,,1051,3,,1,3,1,40.9,35.4
19.GS.C4B.PYT.500.IK,IK20,2020,Ikenne,PYT,TMS18F1336P0015,,1053,3,,1,3,3,37.9,40.4
19.GS.C4B.PYT.500.IK,IK20,2020,Ikenne,PYT,TMS18F1348P0156,,1054,3,,1,3,4,40.3,33.5
19.GS.C4B.PYT.500.IK,IK20,2020,Ikenne,PYT,IITA-TMS-IBA000070,,1056,3,1,1,3,6,35.4,33.5
19.GS.C4B.PYT.500.IK,IK20,2020,Ikenne,PYT,TMS18F1348P0051,,1057,3,,1,3,7,31.8,27.4
19.GS.C4B.PYT.500.IK,IK20,2020,Ikenne,PYT,TMS18F1280P0151,,1058,3,,1,3,8,39.2,34.5
19.GS.C4B.PYT.500.IK,IK20,2020,Ikenne,PYT,TMS18F1127P0011,,1064,3,,1,3,14,31.6,27.4
19.GS.C4B.PYT.500.IK,IK20,2020,Ikenne,PYT,TMS18F1345P0043,,1066,3,,1,3,16,41.3,33.3
19.GS.C4B.PYT.500.IK,IK20,2020,Ikenne,PYT,TMS18F1472P0042,,1067,3,,1,3,17,38.2,34.7
19.GS.C4B.PYT.500.IK,IK20,2020,Ikenne,PYT,TMS18F1113P0038,,1069,3,,1,3,19,37.4,32.5
19.GS.C4B.PYT.500.IK,IK20,2020,Ikenne,PYT,TMS18F1344P0014,,1076,4,,1,4,25,31.2,31.5
19.GS.C4B.PYT.500.IK,IK20,2020,Ikenne,PYT,TMS18F1305P0007,,1077,4,,1,4,24,41.4,35.2
19.GS.C4B.PYT.500.IK,IK20,2020,Ikenne,PYT,TMS18F1153P0053,,1084,4,,1,4,17,39.6,35.7
19.GS.C4B.PYT.500.IK,IK20,2020,Ikenne,PYT,TMS18F1317P0059,,1086,4,,1,4,15,35.4,31.1
19.GS.C4B.PYT.500.IK,IK20,2020,Ikenne,PYT,TMS18F1324P0107,,1087,4,,1,4,14,35.2,30.1
19.GS.C4B.PYT.500.IK,IK20,2020,Ikenne,PYT,TMS18F1120P0004,,1088,4,,1,4,13,40.5,33.1
19.GS.C4B.PYT.500.IK,IK20,2020,Ikenne,PYT,TMS18F1278P0183,,1089,4,,1,4,12,31,29.4
19.GS.C4B.PYT.500.IK,IK20,2020,Ikenne,PYT,TMS18F1353P0022,,1090,4,,1,4,11,39.7,34.5
19.GS.C4B.PYT.500.IK,IK20,2020,Ikenne,PYT,TMS18F1003P0010,,1096,4,,1,4,5,37.8,31.2
19.GS.C4B.PYT.500.IK,IK20,2020,Ikenne,PYT,TMS18F1505P0057,,1098,4,,1,4,3,27.6,24.4
19.GS.C4B.PYT.500.IK,IK20,2020,Ikenne,PYT,TMEB419,,1099,4,1,1,4,2,35.1,31.4
19.GS.C4B.PYT.500.IK,IK20,2020,Ikenne,PYT,TMS18F1287P0039,,1102,5,,1,5,2,35.4,31.7
19.GS.C4B.PYT.500.IK,IK20,2020,Ikenne,PYT,TMS18F1348P0156,,1104,5,,1,5,4,39.8,33.6
19.GS.C4B.PYT.500.IK,IK20,2020,Ikenne,PYT,TMS18F1485P0022,,1105,5,,1,5,5,37.6,32.2
19.GS.C4B.PYT.500.IK,IK20,2020,Ikenne,PYT,TMS18F1349P0065,,1107,5,,1,5,7,28.1,28.1
19.GS.C4B.PYT.500.IK,IK20,2020,Ikenne,PYT,TMS18F1295P0030,,1111,5,,1,5,11,39.7,33.5
19.GS.C4B.PYT.500.IK,IK20,2020,Ikenne,PYT,TMS18F1007P0004,,1114,5,,1,5,14,39.8,37.7
19.GS.C4B.PYT.500.IK,IK20,2020,Ikenne,PYT,TMS18F1344P0100,,1120,5,,1,5,20,33.8,31.4
19.GS.C4B.PYT.500.IK,IK20,2020,Ikenne,PYT,TMS18F1364P0018,,1122,5,,1,5,22,36,26.5
19.GS.C4B.PYT.500.IK,IK20,2020,Ikenne,PYT,TMS18F1320P0087,,1124,5,,1,5,24,36.3,36.2
19.GS.C4B.PYT.500.IK,IK20,2020,Ikenne,PYT,TMS18F1372P0024,,1125,5,,1,5,25,28.9,26.9
19.GS.C4B.PYT.500.IK,IK20,2020,Ikenne,PYT,TMS18F1142P0017,,1129,6,,1,6,22,47.1,41.6
19.GS.C4B.PYT.500.IK,IK20,2020,Ikenne,PYT,TMS18F1051P0059,,1130,6,,1,6,21,34.3,31.8
19.GS.C4B.PYT.500.IK,IK20,2020,Ikenne,PYT,TMS18F1369P0015,,1131,6,,1,6,20,34.5,37.1
19.GS.C4B.PYT.500.IK,IK20,2020,Ikenne,PYT,TMS18F1076P0114,,1146,6,,1,6,5,33.3,29.8
19.GS.C4B.PYT.500.IK,IK20,2020,Ikenne,PYT,TMS18F1328P0027,,1147,6,,1,6,4,32.5,29.4
19.GS.C4B.PYT.500.IK,IK20,2020,Ikenne,PYT,TMS18F1278P0098,,1149,6,,1,6,2,30,28
19.GS.C4B.PYT.500.IK,IK20,2020,Ikenne,PYT,TMS18F1134P0010,,1150,6,,1,6,1,36.7,30.4
19.GS.C4B.PYT.500.IK,IK20,2020,Ikenne,PYT,TMS18F1409P0008,,1151,7,,1,7,1,38.3,33.5
19.GS.C4B.PYT.500.IK,IK20,2020,Ikenne,PYT,TMS18F1278P0068,,1152,7,,1,7,2,42,35
19.GS.C4B.PYT.500.IK,IK20,2020,Ikenne,PYT,TMS18F1345P0056,,1154,7,,1,7,4,33,30.4
19.GS.C4B.PYT.500.IK,IK20,2020,Ikenne,PYT,TMS18F1028P0003,,1159,7,,1,7,9,33.3,30.9
19.GS.C4B.PYT.500.IK,IK20,2020,Ikenne,PYT,TMS18F1349P0157,,1161,7,,1,7,11,41.6,
19.GS.C4B.PYT.500.IK,IK20,2020,Ikenne,PYT,TMS18F1335P0035,,1164,7,,1,7,14,33.4,32.1
19.GS.C4B.PYT.500.IK,IK20,2020,Ikenne,PYT,TMS18F1317P0123,,1167,7,,1,7,17,33.9,29.9
19.GS.C4B.PYT.500.IK,IK20,2020,Ikenne,PYT,TMS18F1291P0014,,1174,7,,1,7,24,30,26.6
19.GS.C4B.PYT.500.IK,IK20,2020,Ikenne,PYT,TMS18F1308P0082,,1176,8,,1,8,25,39,29.7
19.GS.C4B.PYT.500.IK,IK20,2020,Ikenne,PYT,TMS18F1348P0101,,1177,8,,1,8,24,30.3,33.6
19.GS.C4B.PYT.500.IK,IK20,2020,Ikenne,PYT,TMS18F1179P0008,,1178,8,,1,8,23,40,30.3
19.GS.C4B.PYT.500.IK,IK20,2020,Ikenne,PYT,TMS18F1295P0035,,1179,8,,1,8,22,35.3,31.3
19.GS.C4B.PYT.500.IK,IK20,2020,Ikenne,PYT,TMS18F1299P0005,,1181,8,,1,8,20,38.6,38.1
19.GS.C4B.PYT.500.IK,IK20,2020,Ikenne,PYT,TMS18F1217P0121,,1182,8,,1,8,19,29.6,29.1
19.GS.C4B.PYT.500.IK,IK20,2020,Ikenne,PYT,TMS18F1258P0147,,1186,8,,1,8,15,36.9,30.2
19.GS.C4B.PYT.500.IK,IK20,2020,Ikenne,PYT,TMS18F1284P0003,,1190,8,,1,8,11,39.3,34.7
19.GS.C4B.PYT.500.IK,IK20,2020,Ikenne,PYT,TMS18F1408P0006,,1192,8,,1,8,9,36.3,32.4
19.GS.C4B.PYT.500.IK,IK20,2020,Ikenne,PYT,TMS18F1264P0058,,1194,8,,1,8,7,38.6,34.9
19.GS.C4B.PYT.500.IK,IK20,2020,Ikenne,PYT,TMS18F1309P0062,,1197,8,,1,8,4,37.7,34.9
19.GS.C4B.PYT.500.IK,IK20,2020,Ikenne,PYT,TMS18F1350P0065,,1199,8,,1,8,2,27.1,23.9
19.GS.C4B.PYT.500.IK,IK20,2020,Ikenne,PYT,TMS18F1047P0045,,1213,9,,1,9,13,38.5,35.4
19.GS.C4B.PYT.500.IK,IK20,2020,Ikenne,PYT,TMS18F1338P0053,,1214,9,,1,9,14,33.1,30.6
19.GS.C4B.PYT.500.IK,IK20,2020,Ikenne,PYT,IITA-TMS-IBA30572,,1215,9,1,1,9,15,39.8,32.5
19.GS.C4B.PYT.500.IK,IK20,2020,Ikenne,PYT,TMS18F1330P0009,,1223,9,,1,9,23,36.8,31.3
19.GS.C4B.PYT.500.IK,IK20,2020,Ikenne,PYT,TMS18F1003P0014,,1224,9,,1,9,24,36.2,32.3
19.GS.C4B.PYT.500.IK,IK20,2020,Ikenne,PYT,TMS18F1489P0044,,1225,9,,1,9,25,38.5,33
19.GS.C4B.PYT.500.IK,IK20,2020,Ikenne,PYT,TMS18F1163P0044,,1226,10,,1,10,25,45,38.4
19.GS.C4B.PYT.500.IK,IK20,2020,Ikenne,PYT,TMS18F1163P0035,,1227,10,,1,10,24,39.5,32.2
19.GS.C4B.PYT.500.IK,IK20,2020,Ikenne,PYT,TMS18F1338P0116,,1231,10,,1,10,20,40.7,35.2
19.GS.C4B.PYT.500.IK,IK20,2020,Ikenne,PYT,TMS18F1361P0041,,1240,10,,1,10,11,40.4,33.6
19.GS.C4B.PYT.500.IK,IK20,2020,Ikenne,PYT,TMS18F1007P0005,,1241,10,,1,10,10,35.2,30.8
19.GS.C4B.PYT.500.IK,IK20,2020,Ikenne,PYT,TMS18F1096P0024,,1242,10,,1,10,9,43.7,34
19.GS.C4B.PYT.500.IK,IK20,2020,Ikenne,PYT,TMS18F1280P0112,,1246,10,,1,10,5,43.9,35
19.GS.C4B.PYT.500.IK,IK20,2020,Ikenne,PYT,TMS18F1414P0014,,1259,11,,1,11,9,38,33.1
19.GS.C4B.PYT.500.IK,IK20,2020,Ikenne,PYT,TMS18F1310P0148,,1265,11,,1,11,15,39.2,32.9
19.GS.C4B.PYT.500.IK,IK20,2020,Ikenne,PYT,TMS18F1331P0016,,1271,11,,1,11,21,40.3,33.1
19.GS.C4B.PYT.500.IK,IK20,2020,Ikenne,PYT,TMS18F1371P0011,,1273,11,,1,11,23,32,31.1
19.GS.C4B.PYT.500.IK,IK20,2020,Ikenne,PYT,TMS18F1280P0086,,1274,11,,1,11,24,42,34.6
19.GS.C4B.PYT.500.IK,IK20,2020,Ikenne,PYT,TMS18F1001P0014,,1277,12,,1,12,24,40.5,33
19.GS.C4B.PYT.500.IK,IK20,2020,Ikenne,PYT,TMS18F1020P0027,,1279,12,,1,12,22,38.7,31.6
19.GS.C4B.PYT.500.IK,IK20,2020,Ikenne,PYT,TMS18F1344P0159,,1284,12,,1,12,17,38.5,33.2
19.GS.C4B.PYT.500.IK,IK20,2020,Ikenne,PYT,TMS18F1480P0023,,1285,12,,1,12,16,37.6,29.2
19.GS.C4B.PYT.500.IK,IK20,2020,Ikenne,PYT,TMS18F1060P0067,,1294,12,,1,12,7,32.8,29.1
19.GS.C4B.PYT.500.IK,IK20,2020,Ikenne,PYT,TMS18F1289P0014,,1300,12,,1,12,1,44.4,36
19.GS.C4B.PYT.500.IK,IK20,2020,Ikenne,PYT,TMS18F1369P0023,,1303,13,,1,13,3,36.8,21.5
19.GS.C4B.PYT.500.IK,IK20,2020,Ikenne,PYT,TMS18F1010P0011,,1304,13,,1,13,4,33.7,27.2
19.GS.C4B.PYT.500.IK,IK20,2020,Ikenne,PYT,TMS18F1414P0017,,1307,13,,1,13,7,41.2,35.5
19.GS.C4B.PYT.500.IK,IK20,2020,Ikenne,PYT,TMS18F1310P0088,,1315,13,,1,13,15,40.7,34.3
19.GS.C4B.PYT.500.IK,IK20,2020,Ikenne,PYT,TMS18F1305P0039,,1316,13,,1,13,16,40.7,30.6
19.GS.C4B.PYT.500.IK,IK20,2020,Ikenne,PYT,TMS18F1312P0033,,1317,13,,1,13,17,39.8,32.1
19.GS.C4B.PYT.500.IK,IK20,2020,Ikenne,PYT,TMS18F1191P0002,,1318,13,,1,13,18,35.3,28.4
19.GS.C4B.PYT.500.IK,IK20,2020,Ikenne,PYT,TMS18F1076P0110,,1320,13,,1,13,20,29.6,23.2
19.GS.C4B.PYT.500.IK,IK20,2020,Ikenne,PYT,TMS18F1312P0039,,1325,13,,1,13,25,39.2,33.4
19.GS.C4B.PYT.500.IK,IK20,2020,Ikenne,PYT,TMS18F1367P0030,,1329,14,,1,14,22,38,
19.GS.C4B.PYT.500.IK,IK20,2020,Ikenne,PYT,TMS18F1319P0041,,1331,14,,1,14,20,42.1,33.5
19.GS.C4B.PYT.500.IK,IK20,2020,Ikenne,PYT,TMS18F1345P0012,,1332,14,,1,14,19,38.1,32.5
19.GS.C4B.PYT.500.IK,IK20,2020,Ikenne,PYT,TMS18F1139P0076,,1345,14,,1,14,6,43.7,36.1
19.GS.C4B.PYT.500.IK,IK20,2020,Ikenne,PYT,TMS18F1313P0053,,1355,15,,1,15,5,42,34.6
19.GS.C4B.PYT.500.IK,IK20,2020,Ikenne,PYT,TMS18F1306P0127,,1358,15,,1,15,8,40,34.9
19.GS.C4B.PYT.500.IK,IK20,2020,Ikenne,PYT,TMS18F1280P0140,,1364,15,,1,15,14,30.5,20.8
19.GS.C4B.PYT.500.IK,IK20,2020,Ikenne,PYT,TMS18F1025P0041,,1369,15,,1,15,19,39.6,34
19.GS.C4B.PYT.500.IK,IK20,2020,Ikenne,PYT,TMS18F1355p0025,,1370,15,,1,15,20,32.8,26.2
19.GS.C4B.PYT.500.IK,IK20,2020,Ikenne,PYT,TMS18F1355P0089,,1372,15,,1,15,22,45,35.8
19.GS.C4B.PYT.500.IK,IK20,2020,Ikenne,PYT,TMS18F1310P0151,,1373,15,,1,15,23,42.8,36.1
19.GS.C4B.PYT.500.IK,IK20,2020,Ikenne,PYT,TMS18F1447P0002,,1376,16,,1,16,25,34.7,26.7
19.GS.C4B.PYT.500.IK,IK20,2020,Ikenne,PYT,TMS18F1320P0032,,1377,16,,1,16,24,35.1,34
19.GS.C4B.PYT.500.IK,IK20,2020,Ikenne,PYT,TMS18F1296P0071,,1380,16,,1,16,21,40.5,31.1
19.GS.C4B.PYT.500.IK,IK20,2020,Ikenne,PYT,TMS18F1349P0126,,1384,16,,1,16,17,41.9,34.7
19.GS.C4B.PYT.500.IK,IK20,2020,Ikenne,PYT,TMS18F1361P0018,,1385,16,,1,16,16,44.1,35.1
19.GS.C4B.PYT.500.IK,IK20,2020,Ikenne,PYT,TMS18F1320P0086,,1388,16,,1,16,13,40.5,33
19.GS.C4B.PYT.500.IK,IK20,2020,Ikenne,PYT,TMS18F1396P0017,,1394,16,,1,16,7,38.6,31
19.GS.C4B.PYT.500.IK,IK20,2020,Ikenne,PYT,TMS18F1353P0038,,1395,16,,1,16,6,40.2,33.3
19.GS.C4B.PYT.500.IK,IK20,2020,Ikenne,PYT,TMS18F1338P0067,,1399,16,,1,16,2,33.8,26.8
19.GS.C4B.PYT.500.IK,IK20,2020,Ikenne,PYT,TMS18F1258P0156,,1400,16,,1,16,1,37.3,31
19.GS.C4B.PYT.500.IK,IK20,2020,Ikenne,PYT,TMS18F1047P0046,,1401,17,,1,17,1,39.1,33.2
19.GS.C4B.PYT.500.IK,IK20,2020,Ikenne,PYT,TMS18F1165P0018,,1406,17,,1,17,6,34.3,28.3
19.GS.C4B.PYT.500.IK,IK20,2020,Ikenne,PYT,TMS18F1349P0149,,1409,17,,1,17,9,37.4,28.4
19.GS.C4B.PYT.500.IK,IK20,2020,Ikenne,PYT,TMS18F1369P0010,,1412,17,,1,17,12,42.3,33.4
19.GS.C4B.PYT.500.IK,IK20,2020,Ikenne,PYT,TMS18F1127P0010,,1416,17,,1,17,16,39.7,32.6
19.GS.C4B.PYT.500.IK,IK20,2020,Ikenne,PYT,TMS18F1469P0062,,1426,18,,1,18,25,38.9,32.6
19.GS.C4B.PYT.500.IK,IK20,2020,Ikenne,PYT,TMS18F1395P0055,,1430,18,,1,18,21,42.8,33.9
19.GS.C4B.PYT.500.IK,IK20,2020,Ikenne,PYT,TMS18F1447P0045,,1431,18,,1,18,20,39.2,32.7
19.GS.C4B.PYT.500.IK,IK20,2020,Ikenne,PYT,TMS18F1302P0018,,1437,18,,1,18,14,43.1,37.6
19.GS.C4B.PYT.500.IK,IK20,2020,Ikenne,PYT,TMS18F1391P0004,,1441,18,,1,18,10,37.3,29.9
19.GS.C4B.PYT.500.IK,IK20,2020,Ikenne,PYT,TMS18F1395P0038,,1444,18,,1,18,7,37.5,30.6
19.GS.C4B.PYT.500.IK,IK20,2020,Ikenne,PYT,TMS18F1395P0010,,1445,18,,1,18,6,35.9,26.5
19.GS.C4B.PYT.500.IK,IK20,2020,Ikenne,PYT,TMS13F1160P0004,,1449,18,,1,18,2,43.4,35.8
19.GS.C4B.PYT.500.IK,IK20,2020,Ikenne,PYT,NR130124,,1450,18,1,1,18,1,33.1,29.8
19.GS.C4B.PYT.500.IK,IK20,2020,Ikenne,PYT,TMS13F1307P0016,,1451,19,,1,19,1,42,34.6
19.GS.C4B.PYT.500.IK,IK20,2020,Ikenne,PYT,TMS13F1020P0001,,1452,19,,1,19,2,40.6,32.2
19.GS.C4B.PYT.500.IK,IK20,2020,Ikenne,PYT,TMS13F1343P0022,,1453,19,,1,19,3,37.6,30.2
19.GS.C4B.PYT.500.IK,IK20,2020,Ikenne,PYT,IITA-TMS-IBA000070,,1454,19,1,1,19,4,38.4,30.5
19.GS.C4B.PYT.500.IK,IK20,2020,Ikenne,PYT,TMS13F1343P0044,,1455,19,,1,19,5,37.5,30.7
19.GS.C4B.PYT.500.IK,IK20,2020,Ikenne,PYT,TMS18F1334P0003,,1456,19,,1,19,6,38.9,33
19.GS.C4B.PYT.500.IK,IK20,2020,Ikenne,PYT,TMS18F1318P0054,,1457,19,,1,19,7,41.8,33.7
19.GS.C4B.PYT.500.IK,IK20,2020,Ikenne,PYT,TMS18F1329P0011,,1459,19,,1,19,9,37.7,28.1
19.GS.C4B.PYT.500.IK,IK20,2020,Ikenne,PYT,TMS18F1152P0003,,1462,19,,1,19,12,40.1,31.9
19.GS.C4B.PYT.500.IK,IK20,2020,Ikenne,PYT,TMS18F1348P0092,,1468,19,,1,19,18,41.4,32.3
19.GS.C4B.PYT.500.IK,IK20,2020,Ikenne,PYT,TMS18F1327P0006,,1469,19,,1,19,19,38.1,30.8
19.GS.C4B.PYT.500.IK,IK20,2020,Ikenne,PYT,TMS18F1365P0022,,1470,19,,1,19,20,40.6,32.6
19.GS.C4B.PYT.500.IK,IK20,2020,Ikenne,PYT,TMS18F1150P0011,,1472,19,,1,19,22,40.2,31.5
19.GS.C4B.PYT.500.IK,IK20,2020,Ikenne,PYT,TMS18F1348P0113,,1476,20,,1,20,25,37.7,29.8
19.GS.C4B.PYT.500.IK,IK20,2020,Ikenne,PYT,TMS18F1063P0008,,1479,20,,1,20,22,36.1,31
19.GS.C4B.PYT.500.IK,IK20,2020,Ikenne,PYT,TMS18F1314P0042,,1481,20,,1,20,20,39.3,32.7
19.GS.C4B.PYT.500.IK,IK20,2020,Ikenne,PYT,TMS18F1024P0020,,1483,20,,1,20,18,34.6,30.1
19.GS.C4B.PYT.500.IK,IK20,2020,Ikenne,PYT,TMS18F1262P0015,,1486,20,,1,20,15,43.5,36.3
19.GS.C4B.PYT.500.IK,IK20,2020,Ikenne,PYT,TMS18F1319P0159,,1488,20,,1,20,13,41.7,32.3
19.GS.C4B.PYT.500.IK,IK20,2020,Ikenne,PYT,TMS18F1424P0020,,1489,20,,1,20,12,28.7,18.7
19.GS.C4B.PYT.500.IK,IK20,2020,Ikenne,PYT,TMS18F1144P0010,,1493,20,,1,20,8,36.6,28.8
19.GS.C4B.PYT.500.IK,IK20,2020,Ikenne,PYT,TMS18F1310P0168,,2007,21,,2,21,7,44.5,38.5
19.GS.C4B.PYT.500.IK,IK20,2020,Ikenne,PYT,TMS18F1338P0053,,2008,21,,2,21,8,37,33.5
19.GS.C4B.PYT.500.IK,IK20,2020,Ikenne,PYT,TMS18F1028P0003,,2016,21,,2,21,16,39.3,32.7
19.GS.C4B.PYT.500.IK,IK20,2020,Ikenne,PYT,TMS18F1280P0091,,2018,21,,2,21,18,39.8,33.5
19.GS.C4B.PYT.500.IK,IK20,2020,Ikenne,PYT,TMS18F1348P0092,,2020,21,,2,21,20,40.9,36.2
19.GS.C4B.PYT.500.IK,IK20,2020,Ikenne,PYT,TMS18F1134P0010,,2022,21,,2,21,22,40.7,31.6
19.GS.C4B.PYT.500.IK,IK20,2020,Ikenne,PYT,TMS18F1348P0051,,2026,22,,2,22,25,43.2,35.4
19.GS.C4B.PYT.500.IK,IK20,2020,Ikenne,PYT,TMS18F1349P0149,,2030,22,,2,22,21,38.3,29.3
19.GS.C4B.PYT.500.IK,IK20,2020,Ikenne,PYT,TMS18F1076P0121,,2034,22,,2,22,17,42.9,34.8
19.GS.C4B.PYT.500.IK,IK20,2020,Ikenne,PYT,TMS18F1299P0005,,2035,22,,2,22,16,42.8,34.3
19.GS.C4B.PYT.500.IK,IK20,2020,Ikenne,PYT,TMS18F1324P0171,,2036,22,,2,22,15,44.5,36.9
19.GS.C4B.PYT.500.IK,IK20,2020,Ikenne,PYT,TMS18F1309P0062,,2038,22,,2,22,13,41.8,34
19.GS.C4B.PYT.500.IK,IK20,2020,Ikenne,PYT,TMS18F1324P0089,,2042,22,,2,22,9,37.3,28.2
19.GS.C4B.PYT.500.IK,IK20,2020,Ikenne,PYT,TMS13F1160P0004,,2043,22,,2,22,8,46.4,35.6
19.GS.C4B.PYT.500.IK,IK20,2020,Ikenne,PYT,TMS18F1007P0004,,2044,22,,2,22,7,40.2,33.9
19.GS.C4B.PYT.500.IK,IK20,2020,Ikenne,PYT,TMS18F1306P0129,,2045,22,,2,22,6,35.7,28.8
19.GS.C4B.PYT.500.IK,IK20,2020,Ikenne,PYT,TMS18F1217P0121,,2046,22,,2,22,5,35.9,27.6
19.GS.C4B.PYT.500.IK,IK20,2020,Ikenne,PYT,IITA-TMS-IBA000070,,2047,22,1,2,22,4,40.3,32
19.GS.C4B.PYT.500.IK,IK20,2020,Ikenne,PYT,TMS18F1144P0010,,2048,22,,2,22,3,36.3,28.4
19.GS.C4B.PYT.500.IK,IK20,2020,Ikenne,PYT,TMS18F1150P0011,,2049,22,,2,22,2,34.4,28.6
19.GS.C4B.PYT.500.IK,IK20,2020,Ikenne,PYT,TMS18F1485P0022,,2057,23,,2,23,7,41,31.1
19.GS.C4B.PYT.500.IK,IK20,2020,Ikenne,PYT,TMS18F1318P0054,,2062,23,,2,23,12,42.5,35.9
19.GS.C4B.PYT.500.IK,IK20,2020,Ikenne,PYT,TMS18F1007P0005,,2066,23,,2,23,16,39.7,31.4
19.GS.C4B.PYT.500.IK,IK20,2020,Ikenne,PYT,TMS18F1320P0087,,2068,23,,2,23,18,39,32.5
19.GS.C4B.PYT.500.IK,IK20,2020,Ikenne,PYT,TMS18F1364P0018,,2069,23,,2,23,19,41,32.5
19.GS.C4B.PYT.500.IK,IK20,2020,Ikenne,PYT,TMS18F1338P0099,,2071,23,,2,23,21,39,34.2
19.GS.C4B.PYT.500.IK,IK20,2020,Ikenne,PYT,TMS18F1287P0039,,2078,24,,2,24,23,41.3,32.6
19.GS.C4B.PYT.500.IK,IK20,2020,Ikenne,PYT,TMS18F1344P0153,,2080,24,,2,24,21,40.2,32.6
19.GS.C4B.PYT.500.IK,IK20,2020,Ikenne,PYT,TMS18F1349P0157,,2082,24,,2,24,19,41.1,31
19.GS.C4B.PYT.500.IK,IK20,2020,Ikenne,PYT,TMS18F1344P0100,,2084,24,,2,24,17,40.6,33.2
19.GS.C4B.PYT.500.IK,IK20,2020,Ikenne,PYT,TMS18F1469P0062,,2085,24,,2,24,16,37.7,30
19.GS.C4B.PYT.500.IK,IK20,2020,Ikenne,PYT,TMS18F1350P0065,,2087,24,,2,24,14,31.5,21.2
19.GS.C4B.PYT.500.IK,IK20,2020,Ikenne,PYT,TMS18F1319P0033,,2093,24,,2,24,8,43.9,34.7
19.GS.C4B.PYT.500.IK,IK20,2020,Ikenne,PYT,TMS18F1262P0015,,2104,25,,2,25,4,44.2,29.6
19.GS.C4B.PYT.500.IK,IK20,2020,Ikenne,PYT,TMS18F1338P0116,,2108,25,,2,25,8,40,32.5
19.GS.C4B.PYT.500.IK,IK20,2020,Ikenne,PYT,TMS18F1179P0008,,2112,25,,2,25,12,43.5,33.7
19.GS.C4B.PYT.500.IK,IK20,2020,Ikenne,PYT,TMS18F1308P0077,,2117,25,,2,25,17,37.9,30.2
19.GS.C4B.PYT.500.IK,IK20,2020,Ikenne,PYT,TMS18F1278P0068,,2119,25,,2,25,19,42.2,35.5
19.GS.C4B.PYT.500.IK,IK20,2020,Ikenne,PYT,TMS18F1302P0018,,2123,25,,2,25,23,43,35.8
19.GS.C4B.PYT.500.IK,IK20,2020,Ikenne,PYT,TMS18F1127P0011,,2125,25,,2,25,25,37.7,29.8
19.GS.C4B.PYT.500.IK,IK20,2020,Ikenne,PYT,TMS18F1319P0159,,2133,26,,2,26,18,37,28.1
19.GS.C4B.PYT.500.IK,IK20,2020,Ikenne,PYT,TMS18F1191P0002,,2139,26,,2,26,12,39,31.3
19.GS.C4B.PYT.500.IK,IK20,2020,Ikenne,PYT,TMS18F1327P0006,,2143,26,,2,26,8,39.9,29.2
19.GS.C4B.PYT.500.IK,IK20,2020,Ikenne,PYT,TMS18F1395P0038,,2144,26,,2,26,7,42.2,33.2
19.GS.C4B.PYT.500.IK,IK20,2020,Ikenne,PYT,TMS18F1365P0018,,2147,26,,2,26,4,37.8,30.3
19.GS.C4B.PYT.500.IK,IK20,2020,Ikenne,PYT,TMS18F1319P0041,,2158,27,,2,27,8,41.6,32.9
19.GS.C4B.PYT.500.IK,IK20,2020,Ikenne,PYT,TMS18F1344P0159,,2164,27,,2,27,14,43.5,34.5
19.GS.C4B.PYT.500.IK,IK20,2020,Ikenne,PYT,TMS18F1020P0027,,2167,27,,2,27,17,40.6,29.5
19.GS.C4B.PYT.500.IK,IK20,2020,Ikenne,PYT,TMS18F1364P0022,,2168,27,,2,27,18,46.4,36.5
19.GS.C4B.PYT.500.IK,IK20,2020,Ikenne,PYT,TMS18F1280P0151,,2169,27,,2,27,19,40,33.1
19.GS.C4B.PYT.500.IK,IK20,2020,Ikenne,PYT,TMS18F1348P0156,,2170,27,,2,27,20,41.7,33.3
19.GS.C4B.PYT.500.IK,IK20,2020,Ikenne,PYT,TMS18F1354P0027,,2187,28,,2,28,14,42,34.3
19.GS.C4B.PYT.500.IK,IK20,2020,Ikenne,PYT,TMS18F1001P0014,,2191,28,,2,28,10,38.6,31.3
19.GS.C4B.PYT.500.IK,IK20,2020,Ikenne,PYT,TMS18F1064P0027,,2192,28,,2,28,9,40.1,33.5
19.GS.C4B.PYT.500.IK,IK20,2020,Ikenne,PYT,TMS18F1024P0020,,2193,28,,2,28,8,34.5,31
19.GS.C4B.PYT.500.IK,IK20,2020,Ikenne,PYT,TMS18F1280P0086,,2195,28,,2,28,6,42,32.8
19.GS.C4B.PYT.500.IK,IK20,2020,Ikenne,PYT,TMS18F1280P0057,,2196,28,,2,28,5,44.3,34.1
19.GS.C4B.PYT.500.IK,IK20,2020,Ikenne,PYT,TMS18F1480P0023,,2197,28,,2,28,4,35.3,27.2
19.GS.C4B.PYT.500.IK,IK20,2020,Ikenne,PYT,TMS18F1408P0006,,2199,28,,2,28,2,37.6,30.3
19.GS.C4B.PYT.500.IK,IK20,2020,Ikenne,PYT,TMS18F1317P0123,,2206,29,,2,29,6,39.9,32.2
19.GS.C4B.PYT.500.IK,IK20,2020,Ikenne,PYT,TMS18F1369P0015,,2207,29,,2,29,7,40.5,32.5
19.GS.C4B.PYT.500.IK,IK20,2020,Ikenne,PYT,TMS18F1076P0110,,2212,29,,2,29,12,35.1,27
19.GS.C4B.PYT.500.IK,IK20,2020,Ikenne,PYT,TMS18F1414P0014,,2214,29,,2,29,14,41.7,34.4
19.GS.C4B.PYT.500.IK,IK20,2020,Ikenne,PYT,TMS18F1305P0007,,2216,29,,2,29,16,41.4,33.1
19.GS.C4B.PYT.500.IK,IK20,2020,Ikenne,PYT,TMS18F1317P0059,,2218,29,,2,29,18,39.8,30.9
19.GS.C4B.PYT.500.IK,IK20,2020,Ikenne,PYT,TMS18F1278P0183,,2219,29,,2,29,19,38.6,30.9
19.GS.C4B.PYT.500.IK,IK20,2020,Ikenne,PYT,TMS18F1485P0020,,2220,29,,2,29,20,35.1,31.5
19.GS.C4B.PYT.500.IK,IK20,2020,Ikenne,PYT,TMS18F1338P0067,,2222,29,,2,29,22,36.9,30.1
19.GS.C4B.PYT.500.IK,IK20,2020,Ikenne,PYT,TMS18F1371P0011,,2225,29,,2,29,25,35,25
19.GS.C4B.PYT.500.IK,IK20,2020,Ikenne,PYT,TMS18F1278P0098,,2227,30,,2,30,24,37.7,27.9
19.GS.C4B.PYT.500.IK,IK20,2020,Ikenne,PYT,TMS18F1409P0008,,2230,30,,2,30,21,42.9,36.6
19.GS.C4B.PYT.500.IK,IK20,2020,Ikenne,PYT,TMS18F1366P0012,,2231,30,,2,30,20,36.1,28.5
19.GS.C4B.PYT.500.IK,IK20,2020,Ikenne,PYT,TMS18F1163P0042,,2232,30,,2,30,19,43.6,34.3
19.GS.C4B.PYT.500.IK,IK20,2020,Ikenne,PYT,TMS18F1340P0030,,2236,30,,2,30,15,42.5,35.1
19.GS.C4B.PYT.500.IK,IK20,2020,Ikenne,PYT,TMS18F1345P0012,,2237,30,,2,30,14,43.8,34.6
19.GS.C4B.PYT.500.IK,IK20,2020,Ikenne,PYT,TMS18F1308P0082,,2239,30,,2,30,12,40.7,31.3
19.GS.C4B.PYT.500.IK,IK20,2020,Ikenne,PYT,TMS18F1312P0039,,2241,30,,2,30,10,,32.5
19.GS.C4B.PYT.500.IK,IK20,2020,Ikenne,PYT,TMS18F1345P0056,,2243,30,,2,30,8,38.3,30.6
19.GS.C4B.PYT.500.IK,IK20,2020,Ikenne,PYT,TMS18F1047P0046,,2244,30,,2,30,7,41,32.7
19.GS.C4B.PYT.500.IK,IK20,2020,Ikenne,PYT,TMS18F1447P0045,,2250,30,,2,30,1,27.7,20.3
19.GS.C4B.PYT.500.IK,IK20,2020,Ikenne,PYT,TMS18F1291P0014,,2256,31,,2,31,6,36.3,27.5
19.GS.C4B.PYT.500.IK,IK20,2020,Ikenne,PYT,TMS18F1296P0071,,2257,31,,2,31,7,38,29.4
19.GS.C4B.PYT.500.IK,IK20,2020,Ikenne,PYT,TMS13F1343P0044,,2259,31,,2,31,9,35.5,30.9
19.GS.C4B.PYT.500.IK,IK20,2020,Ikenne,PYT,TMS18F1489P0044,,2267,31,,2,31,17,37.8,35.4
19.GS.C4B.PYT.500.IK,IK20,2020,Ikenne,PYT,TMS13F1020P0001,,2269,31,,2,31,19,44.4,35.4
19.GS.C4B.PYT.500.IK,IK20,2020,Ikenne,PYT,TMS13F1307P0016,,2271,31,,2,31,21,42.4,35
19.GS.C4B.PYT.500.IK,IK20,2020,Ikenne,PYT,TMS18F1336P0015,,2272,31,,2,31,22,43.8,35.6
19.GS.C4B.PYT.500.IK,IK20,2020,Ikenne,PYT,TMS18F1113P0038,,2273,31,,2,31,23,43,33
19.GS.C4B.PYT.500.IK,IK20,2020,Ikenne,PYT,TMS18F1258P0147,,2274,31,,2,31,24,40.1,28.9
19.GS.C4B.PYT.500.IK,IK20,2020,Ikenne,PYT,TMS18F1305P0039,,2276,32,,2,32,25,41.7,34.2
19.GS.C4B.PYT.500.IK,IK20,2020,Ikenne,PYT,TMS18F1349P0064,,2278,32,,2,32,23,34.7,25.9
19.GS.C4B.PYT.500.IK,IK20,2020,Ikenne,PYT,TMS18F1414P0017,,2279,32,,2,32,22,41,32.3
19.GS.C4B.PYT.500.IK,IK20,2020,Ikenne,PYT,TMS18F1324P0107,,2290,32,,2,32,11,34.8,26.8
19.GS.C4B.PYT.500.IK,IK20,2020,Ikenne,PYT,TMS18F1539P0063,,2291,32,,2,32,10,34.6,26.9
19.GS.C4B.PYT.500.IK,IK20,2020,Ikenne,PYT,TMS18F1359P0001,,2293,32,,2,32,8,36.2,28.7
19.GS.C4B.PYT.500.IK,IK20,2020,Ikenne,PYT,TMS18F1345P0043,,2296,32,,2,32,5,43.4,34.7
19.GS.C4B.PYT.500.IK,IK20,2020,Ikenne,PYT,TMS18F1312P0033,,2298,32,,2,32,3,41.9,33.1
19.GS.C4B.PYT.500.IK,IK20,2020,Ikenne,PYT,TMS18F1348p0039,,2299,32,,2,32,2,42.2,31.9
19.GS.C4B.PYT.500.IK,IK20,2020,Ikenne,PYT,TMS18F1505P0057,,2300,32,,2,32,1,28,23.3
20.GS.C4B.PYT.500.IK,IK21,2021,Ikenne,PYT,TMS18F1355P0081,G375,1001,1,,1,1,1,37.1,23.3
20.GS.C4B.PYT.500.IK,IK21,2021,Ikenne,PYT,TMS18F1305P0138,G213,1002,1,,1,1,2,43.4,31.92
20.GS.C4B.PYT.500.IK,IK21,2021,Ikenne,PYT,TMS18F1352P0049,G366,1004,1,,1,1,4,29.3,22.63
20.GS.C4B.PYT.500.IK,IK21,2021,Ikenne,PYT,TMS18F1485P0020,G438,1005,1,,1,1,5,36.7,27.59
20.GS.C4B.PYT.500.IK,IK21,2021,Ikenne,PYT,TMS18F1340P0001,G307,1006,1,,1,1,6,36.7,24.98
20.GS.C4B.PYT.500.IK,IK21,2021,Ikenne,PYT,TMS18F1308P0077,G220,1011,1,,1,1,11,35.9,24.69
20.GS.C4B.PYT.500.IK,IK21,2021,Ikenne,PYT,IITA-TMS-IBA30572,G2,1014,1,1,1,1,14,31.7,25.4
20.GS.C4B.PYT.500.IK,IK21,2021,Ikenne,PYT,TMS18F1287P0029,G191,1015,1,,1,1,15,42.1,33.27
20.GS.C4B.PYT.500.IK,IK21,2021,Ikenne,PYT,TMS18F1318P0036,G245,1020,1,,1,1,20,30.9,19.02
20.GS.C4B.PYT.500.IK,IK21,2021,Ikenne,PYT,TMS18F1562P0030,G453,1021,1,,1,1,21,32.9,27.53
20.GS.C4B.PYT.500.IK,IK21,2021,Ikenne,PYT,TMS18F1334P0023,G290,1022,1,,1,1,22,35.8,30
20.GS.C4B.PYT.500.IK,IK21,2021,Ikenne,PYT,TMS18F1272P0037,G168,1023,1,,1,1,23,25.7,22.61
20.GS.C4B.PYT.500.IK,IK21,2021,Ikenne,PYT,TMS18F1132P0144,G97,1024,1,,1,1,24,34.2,21.54
20.GS.C4B.PYT.500.IK,IK21,2021,Ikenne,PYT,TMS18F1349P0064,G351,1026,2,,1,2,25,26.7,17.36
20.GS.C4B.PYT.500.IK,IK21,2021,Ikenne,PYT,IITA-TMS-IBA000070,G1,1027,2,1,1,2,24,31.4,24
20.GS.C4B.PYT.500.IK,IK21,2021,Ikenne,PYT,TMS18F1260P0060,G159,1030,2,,1,2,21,35.8,29.59
20.GS.C4B.PYT.500.IK,IK21,2021,Ikenne,PYT,TMS18F1250P0050,G152,1031,2,,1,2,20,32.5,19.37
20.GS.C4B.PYT.500.IK,IK21,2021,Ikenne,PYT,TMS18F1026P0009,G29,1032,2,,1,2,19,40.2,29.33
20.GS.C4B.PYT.500.IK,IK21,2021,Ikenne,PYT,TMS18F1064P0027,G59,1036,2,,1,2,15,26.8,12.12
20.GS.C4B.PYT.500.IK,IK21,2021,Ikenne,PYT,TMS18F1277P0045,G172,1038,2,,1,2,13,23.1,17.04
20.GS.C4B.PYT.500.IK,IK21,2021,Ikenne,PYT,TMS18F1366P0012,G388,1041,2,,1,2,10,30.9,17.1
20.GS.C4B.PYT.500.IK,IK21,2021,Ikenne,PYT,TMS18F1280P0091,G181,1042,2,,1,2,9,34.5,28.54
20.GS.C4B.PYT.500.IK,IK21,2021,Ikenne,PYT,TMS18F1396P0053,G414,1043,2,,1,2,8,36.7,26.31
20.GS.C4B.PYT.500.IK,IK21,2021,Ikenne,PYT,IITA-TMS-IBA980581,G3,1044,2,1,1,2,7,32.3,23.1
20.GS.C4B.PYT.500.IK,IK21,2021,Ikenne,PYT,TMS18F1354P0027,G371,1046,2,,1,2,5,40.6,25.82
20.GS.C4B.PYT.500.IK,IK21,2021,Ikenne,PYT,TMS18F1163P0042,G113,1049,2,,1,2,2,42.4,31.12
20.GS.C4B.PYT.500.IK,IK21,2021,Ikenne,PYT,TMS18F1319P0033,G247,1051,3,,1,3,1,41.9,32.51
20.GS.C4B.PYT.500.IK,IK21,2021,Ikenne,PYT,TMS18F1004P0008,G18,1052,3,,1,3,2,42.8,24.92
20.GS.C4B.PYT.500.IK,IK21,2021,Ikenne,PYT,TMS18F1336P0015,G295,1053,3,,1,3,3,38.9,29.43
20.GS.C4B.PYT.500.IK,IK21,2021,Ikenne,PYT,TMS18F1348P0051,G336,1057,3,,1,3,7,32.7,23.87
20.GS.C4B.PYT.500.IK,IK21,2021,Ikenne,PYT,TMS18F1280P0151,G187,1058,3,,1,3,8,34.8,21.41
20.GS.C4B.PYT.500.IK,IK21,2021,Ikenne,PYT,TMS18F1041P0005,G39,1060,3,,1,3,10,34.8,28.52
20.GS.C4B.PYT.500.IK,IK21,2021,Ikenne,PYT,TMS18F1127P0011,G93,1064,3,,1,3,14,33.2,21.52
20.GS.C4B.PYT.500.IK,IK21,2021,Ikenne,PYT,TMS18F1132P0042,G94,1065,3,,1,3,15,34.7,29.83
20.GS.C4B.PYT.500.IK,IK21,2021,Ikenne,PYT,TMS18F1345P0043,G330,1066,3,,1,3,16,37.1,27.92
20.GS.C4B.PYT.500.IK,IK21,2021,Ikenne,PYT,TMS18F1424P0021,G422,1071,3,,1,3,21,39.6,31.28
20.GS.C4B.PYT.500.IK,IK21,2021,Ikenne,PYT,TMS18F1344P0003,G319,1073,3,,1,3,23,37.2,26.42
20.GS.C4B.PYT.500.IK,IK21,2021,Ikenne,PYT,TMS18F1344P0014,G320,1076,4,,1,4,25,35.7,26.16
20.GS.C4B.PYT.500.IK,IK21,2021,Ikenne,PYT,TMS18F1305P0007,G207,1077,4,,1,4,24,41.4,32.56
20.GS.C4B.PYT.500.IK,IK21,2021,Ikenne,PYT,TMS18F1305P0019,G209,1078,4,,1,4,23,22.4,24
20.GS.C4B.PYT.500.IK,IK21,2021,Ikenne,PYT,TMS18F1320P0082,G255,1085,4,,1,4,16,36.3,26.91
20.GS.C4B.PYT.500.IK,IK21,2021,Ikenne,PYT,TMS18F1317P0059,G239,1086,4,,1,4,15,34.7,27.72
20.GS.C4B.PYT.500.IK,IK21,2021,Ikenne,PYT,TMS18F1324P0107,G271,1087,4,,1,4,14,31.7,24.26
20.GS.C4B.PYT.500.IK,IK21,2021,Ikenne,PYT,TMS18F1120P0004,G89,1088,4,,1,4,13,38.7,25.47
20.GS.C4B.PYT.500.IK,IK21,2021,Ikenne,PYT,TMS18F1278P0183,G178,1089,4,,1,4,12,27.7,
20.GS.C4B.PYT.500.IK,IK21,2021,Ikenne,PYT,TMS18F1353P0022,G368,1090,4,,1,4,11,37.2,28.89
20.GS.C4B.PYT.500.IK,IK21,2021,Ikenne,PYT,TMS18F1426P0001,G423,1095,4,,1,4,6,38.2,19.28
20.GS.C4B.PYT.500.IK,IK21,2021,Ikenne,PYT,TMS18F1003P0010,G16,1096,4,,1,4,5,36.7,26
20.GS.C4B.PYT.500.IK,IK21,2021,Ikenne,PYT,TMS18F1505P0057,G444,1098,4,,1,4,3,30.8,18.67
20.GS.C4B.PYT.500.IK,IK21,2021,Ikenne,PYT,TMS18F1436P0049,G424,1100,4,,1,4,1,38.5,
20.GS.C4B.PYT.500.IK,IK21,2021,Ikenne,PYT,TMS18F1343P0171,G318,1106,5,,1,5,6,21.4,16.42
20.GS.C4B.PYT.500.IK,IK21,2021,Ikenne,PYT,TMS18F1333P0012,G287,1109,5,,1,5,9,29.2,21.9
20.GS.C4B.PYT.500.IK,IK21,2021,Ikenne,PYT,TMS18F1295P0030,G197,1111,5,,1,5,11,29.4,21.09
20.GS.C4B.PYT.500.IK,IK21,2021,Ikenne,PYT,TMS18F1313P0013,G233,1112,5,,1,5,12,33.6,28.42
20.GS.C4B.PYT.500.IK,IK21,2021,Ikenne,PYT,TMS18F1007P0004,G20,1114,5,,1,5,14,35.2,28.58
20.GS.C4B.PYT.500.IK,IK21,2021,Ikenne,PYT,TMS18F1138P0028,G100,1115,5,,1,5,15,33.4,26.59
20.GS.C4B.PYT.500.IK,IK21,2021,Ikenne,PYT,TMS18F1121P0029,G91,1116,5,,1,5,16,38,32.24
20.GS.C4B.PYT.500.IK,IK21,2021,Ikenne,PYT,TMS18F1096P0013,G83,1118,5,,1,5,18,39.6,32.71
20.GS.C4B.PYT.500.IK,IK21,2021,Ikenne,PYT,TMS18F1343P0064,G316,1119,5,,1,5,19,36.7,29.31
20.GS.C4B.PYT.500.IK,IK21,2021,Ikenne,PYT,TMS18F1344P0100,G321,1120,5,,1,5,20,30.7,24.53
20.GS.C4B.PYT.500.IK,IK21,2021,Ikenne,PYT,TMS18F1040P0054,G37,1121,5,,1,5,21,31.5,25.84
20.GS.C4B.PYT.500.IK,IK21,2021,Ikenne,PYT,TMS18F1364P0018,G381,1122,5,,1,5,22,25.5,19.22
20.GS.C4B.PYT.500.IK,IK21,2021,Ikenne,PYT,TMS18F1320P0087,G257,1124,5,,1,5,24,36.6,29.6
20.GS.C4B.PYT.500.IK,IK21,2021,Ikenne,PYT,TMS18F1372P0024,G399,1125,5,,1,5,25,26.9,23.38
20.GS.C4B.PYT.500.IK,IK21,2021,Ikenne,PYT,TMS18F1065P0037,G60,1127,6,,1,6,24,30.6,25.26
20.GS.C4B.PYT.500.IK,IK21,2021,Ikenne,PYT,TMS18F1142P0017,G105,1129,6,,1,6,22,44.8,37.67
20.GS.C4B.PYT.500.IK,IK21,2021,Ikenne,PYT,TMS18F1051P0059,G47,1130,6,,1,6,21,30.9,24.32
20.GS.C4B.PYT.500.IK,IK21,2021,Ikenne,PYT,TMS18F1369P0015,G393,1131,6,,1,6,20,34.6,28.01
20.GS.C4B.PYT.500.IK,IK21,2021,Ikenne,PYT,TMS18F1520P0050,G447,1133,6,,1,6,18,30.4,26.52
20.GS.C4B.PYT.500.IK,IK21,2021,Ikenne,PYT,TMS18F1296P0042,G200,1142,6,,1,6,9,23.8,19.54
20.GS.C4B.PYT.500.IK,IK21,2021,Ikenne,PYT,TMS18F1343P0012,G313,1143,6,,1,6,8,23.7,17.98
20.GS.C4B.PYT.500.IK,IK21,2021,Ikenne,PYT,TMS18F1388P0012,G405,1145,6,,1,6,6,30.3,23.89
20.GS.C4B.PYT.500.IK,IK21,2021,Ikenne,PYT,TMS18F1076P0114,G74,1146,6,,1,6,5,30.1,23.13
20.GS.C4B.PYT.500.IK,IK21,2021,Ikenne,PYT,TMS18F1328P0027,G278,1147,6,,1,6,4,35.2,28.01
20.GS.C4B.PYT.500.IK,IK21,2021,Ikenne,PYT,TMS18F1317P0048,G238,1148,6,,1,6,3,34.2,27.71
20.GS.C4B.PYT.500.IK,IK21,2021,Ikenne,PYT,TMS18F1134P0010,G98,1150,6,,1,6,1,35.4,28.62
20.GS.C4B.PYT.500.IK,IK21,2021,Ikenne,PYT,TMS18F1489P0038,G440,1155,7,,1,7,5,,23.6
20.GS.C4B.PYT.500.IK,IK21,2021,Ikenne,PYT,TMS18F1366P0014,G389,1158,7,,1,7,8,31.2,23.52
20.GS.C4B.PYT.500.IK,IK21,2021,Ikenne,PYT,TMS18F1348P0157,G350,1160,7,,1,7,10,40,31.24
20.GS.C4B.PYT.500.IK,IK21,2021,Ikenne,PYT,TMS18F1349P0157,G356,1161,7,,1,7,11,35.8,31.21
20.GS.C4B.PYT.500.IK,IK21,2021,Ikenne,PYT,TMS18F1306P0114,G214,1163,7,,1,7,13,31.8,27.49
20.GS.C4B.PYT.500.IK,IK21,2021,Ikenne,PYT,TMS18F1317P0123,G241,1167,7,,1,7,17,22.8,18.63
20.GS.C4B.PYT.500.IK,IK21,2021,Ikenne,PYT,TMS18F1353p0017,G367,1168,7,,1,7,18,31.3,25.7
20.GS.C4B.PYT.500.IK,IK21,2021,Ikenne,PYT,TMS18F1377P0007,G402,1173,7,,1,7,23,36.5,28.51
20.GS.C4B.PYT.500.IK,IK21,2021,Ikenne,PYT,TMS18F1539P0063,G448,1175,7,,1,7,25,22.4,17.34
20.GS.C4B.PYT.500.IK,IK21,2021,Ikenne,PYT,TMS18F1308P0082,G221,1176,8,,1,8,25,34.6,28.19
20.GS.C4B.PYT.500.IK,IK21,2021,Ikenne,PYT,TMS18F1348P0101,G343,1177,8,,1,8,24,34.2,27.21
20.GS.C4B.PYT.500.IK,IK21,2021,Ikenne,PYT,TMS18F1179P0008,G122,1178,8,,1,8,23,33.3,25.34
20.GS.C4B.PYT.500.IK,IK21,2021,Ikenne,PYT,TMS18F1299P0005,G204,1181,8,,1,8,20,34.6,28.12
20.GS.C4B.PYT.500.IK,IK21,2021,Ikenne,PYT,TMS18F1258P0147,G154,1186,8,,1,8,15,35.5,29.17
20.GS.C4B.PYT.500.IK,IK21,2021,Ikenne,PYT,TMS18F1277P0007,G170,1187,8,,1,8,14,29.2,21.61
20.GS.C4B.PYT.500.IK,IK21,2021,Ikenne,PYT,TMS18F1284P0003,G189,1190,8,,1,8,11,39.2,31.94
20.GS.C4B.PYT.500.IK,IK21,2021,Ikenne,PYT,TMS18F1408P0006,G415,1192,8,,1,8,9,28,21.42
20.GS.C4B.PYT.500.IK,IK21,2021,Ikenne,PYT,TMS18F1211P0035,G134,1195,8,,1,8,6,26,19.21
20.GS.C4B.PYT.500.IK,IK21,2021,Ikenne,PYT,TMS18F1309P0062,G224,1197,8,,1,8,4,37.4,30.28
20.GS.C4B.PYT.500.IK,IK21,2021,Ikenne,PYT,TMS18F1377P0023,G403,1201,9,,1,9,1,36.9,25.23
20.GS.C4B.PYT.500.IK,IK21,2021,Ikenne,PYT,TMS18F1233p0013,G149,1202,9,,1,9,2,35,28.17
20.GS.C4B.PYT.500.IK,IK21,2021,Ikenne,PYT,TMS18F1330P0020,G283,1203,9,,1,9,3,40.6,30.26
20.GS.C4B.PYT.500.IK,IK21,2021,Ikenne,PYT,TMS18F1324P0070,G267,1210,9,,1,9,10,33.2,27.6
20.GS.C4B.PYT.500.IK,IK21,2021,Ikenne,PYT,TMS18F1370P0008,G395,1212,9,,1,9,12,25.4,19.51
20.GS.C4B.PYT.500.IK,IK21,2021,Ikenne,PYT,TMS18F1338P0053,G299,1214,9,,1,9,14,33.2,26.12
20.GS.C4B.PYT.500.IK,IK21,2021,Ikenne,PYT,TMS18F1138P0030,G101,1216,9,,1,9,16,37.5,29.05
20.GS.C4B.PYT.500.IK,IK21,2021,Ikenne,PYT,TMS18F1323P0024,G261,1222,9,,1,9,22,33.1,24.41
20.GS.C4B.PYT.500.IK,IK21,2021,Ikenne,PYT,TMS18F1003P0014,G17,1224,9,,1,9,24,32.6,25.29
20.GS.C4B.PYT.500.IK,IK21,2021,Ikenne,PYT,TMS18F1489P0044,G442,1225,9,,1,9,25,28.9,22.07
20.GS.C4B.PYT.500.IK,IK21,2021,Ikenne,PYT,TMS18F1163P0044,G114,1226,10,,1,10,25,39.1,33.16
20.GS.C4B.PYT.500.IK,IK21,2021,Ikenne,PYT,TMS18F1163P0035,G112,1227,10,,1,10,24,31.3,24.85
20.GS.C4B.PYT.500.IK,IK21,2021,Ikenne,PYT,TMS18F1364P0022,G382,1228,10,,1,10,23,,34.63
20.GS.C4B.PYT.500.IK,IK21,2021,Ikenne,PYT,TMS18F1338P0116,G304,1231,10,,1,10,20,30.7,22.23
20.GS.C4B.PYT.500.IK,IK21,2021,Ikenne,PYT,TMS18F1179P0029,G123,1232,10,,1,10,19,30.9,27.21
20.GS.C4B.PYT.500.IK,IK21,2021,Ikenne,PYT,TMS18F1282P0049,G188,1236,10,,1,10,15,36.6,30.22
20.GS.C4B.PYT.500.IK,IK21,2021,Ikenne,PYT,TMS18F1007P0005,G21,1241,10,,1,10,10,33.7,28.92
20.GS.C4B.PYT.500.IK,IK21,2021,Ikenne,PYT,TMS18F1018P0001,G24,1244,10,,1,10,7,30,24.23
20.GS.C4B.PYT.500.IK,IK21,2021,Ikenne,PYT,TMS18F1280P0112,G183,1246,10,,1,10,5,41.4,35.31
20.GS.C4B.PYT.500.IK,IK21,2021,Ikenne,PYT,TMS18F1332P0002,G286,1248,10,,1,10,3,30.2,24.6
20.GS.C4B.PYT.500.IK,IK21,2021,Ikenne,PYT,TMS18F1003P0003,G14,1249,10,,1,10,2,38.1,31.61
20.GS.C4B.PYT.500.IK,IK21,2021,Ikenne,PYT,TMS18F1322P0019,G259,1250,10,,1,10,1,31.1,25.72
20.GS.C4B.PYT.500.IK,IK21,2021,Ikenne,PYT,TMS18F1083P0028,G79,1252,11,,1,11,2,33.6,26.54
20.GS.C4B.PYT.500.IK,IK21,2021,Ikenne,PYT,TMS18F1348P0088,G338,1256,11,,1,11,6,24.5,19.51
20.GS.C4B.PYT.500.IK,IK21,2021,Ikenne,PYT,TMS18F1280P0126,G184,1257,11,,1,11,7,33,26.07
20.GS.C4B.PYT.500.IK,IK21,2021,Ikenne,PYT,TMS18F1414P0014,G417,1259,11,,1,11,9,32.7,25.18
20.GS.C4B.PYT.500.IK,IK21,2021,Ikenne,PYT,TMS18F1318P0007,G242,1262,11,,1,11,12,25.9,20.17
20.GS.C4B.PYT.500.IK,IK21,2021,Ikenne,PYT,TMS18F1325P0032,G274,1264,11,,1,11,14,32.7,25.88
20.GS.C4B.PYT.500.IK,IK21,2021,Ikenne,PYT,TMS18F1310P0148,G227,1265,11,,1,11,15,37.9,31.67
20.GS.C4B.PYT.500.IK,IK21,2021,Ikenne,PYT,TMS18F1310P0168,G229,1267,11,,1,11,17,37.3,31.03
20.GS.C4B.PYT.500.IK,IK21,2021,Ikenne,PYT,TMS18F1347P0029,G333,1268,11,,1,11,18,38.8,33.13
20.GS.C4B.PYT.500.IK,IK21,2021,Ikenne,PYT,TMS18F1336P0014,G294,1269,11,,1,11,19,35,28.71
20.GS.C4B.PYT.500.IK,IK21,2021,Ikenne,PYT,TMS18F1298P0044,G203,1270,11,,1,11,20,35.2,29.34
20.GS.C4B.PYT.500.IK,IK21,2021,Ikenne,PYT,TMS18F1371P0011,G397,1273,11,,1,11,23,31.8,21.82
20.GS.C4B.PYT.500.IK,IK21,2021,Ikenne,PYT,TMS18F1421P0005,G419,1276,12,,1,12,25,27,18.77
20.GS.C4B.PYT.500.IK,IK21,2021,Ikenne,PYT,TMS18F1447P0062,G428,1278,12,,1,12,23,43.2,33.38
20.GS.C4B.PYT.500.IK,IK21,2021,Ikenne,PYT,TMS18F1344P0159,G325,1284,12,,1,12,17,40.6,32.98
20.GS.C4B.PYT.500.IK,IK21,2021,Ikenne,PYT,TMS18F1480P0023,G434,1285,12,,1,12,16,18.6,12.42
20.GS.C4B.PYT.500.IK,IK21,2021,Ikenne,PYT,TMS18F1484P0036,G437,1292,12,,1,12,9,39.7,30.57
20.GS.C4B.PYT.500.IK,IK21,2021,Ikenne,PYT,TMS18F1365P0024,G387,1297,12,,1,12,4,33.5,27.82
20.GS.C4B.PYT.500.IK,IK21,2021,Ikenne,PYT,TMS18F1240P0024,G150,1298,12,,1,12,3,33.8,26.64
20.GS.C4B.PYT.500.IK,IK21,2021,Ikenne,PYT,TMS18F1305P0031,G210,1299,12,,1,12,2,37.7,29.72
20.GS.C4B.PYT.500.IK,IK21,2021,Ikenne,PYT,TMS18F1010P0011,G22,1304,13,,1,13,4,31.9,23.38
20.GS.C4B.PYT.500.IK,IK21,2021,Ikenne,PYT,TMS18F1414P0017,G418,1307,13,,1,13,7,38.1,29.23
20.GS.C4B.PYT.500.IK,IK21,2021,Ikenne,PYT,TMS18F1348P0098,G342,1310,13,,1,13,10,37.2,32.84
20.GS.C4B.PYT.500.IK,IK21,2021,Ikenne,PYT,TMS18F1149P0024,G107,1311,13,,1,13,11,32,24.76
20.GS.C4B.PYT.500.IK,IK21,2021,Ikenne,PYT,TMS18F1001P0020,G13,1312,13,,1,13,12,31.8,
20.GS.C4B.PYT.500.IK,IK21,2021,Ikenne,PYT,TMS18F1348P0024,G334,1313,13,,1,13,13,30.5,24.08
20.GS.C4B.PYT.500.IK,IK21,2021,Ikenne,PYT,TMS18F1310P0088,G226,1315,13,,1,13,15,36,20.21
20.GS.C4B.PYT.500.IK,IK21,2021,Ikenne,PYT,TMS18F1305P0039,G211,1316,13,,1,13,16,36.7,26.54
20.GS.C4B.PYT.500.IK,IK21,2021,Ikenne,PYT,TMS18F1191P0002,G126,1318,13,,1,13,18,31.6,19.8
20.GS.C4B.PYT.500.IK,IK21,2021,Ikenne,PYT,TMS18F1076P0110,G72,1320,13,,1,13,20,25.5,20.45
20.GS.C4B.PYT.500.IK,IK21,2021,Ikenne,PYT,TMS18F1312P0039,G231,1325,13,,1,13,25,37.7,30.47
20.GS.C4B.PYT.500.IK,IK21,2021,Ikenne,PYT,TMS18F1367P0030,G390,1329,14,,1,14,22,33.5,25.52
20.GS.C4B.PYT.500.IK,IK21,2021,Ikenne,PYT,TMS18F1539P0073,G449,1330,14,,1,14,21,31.7,26.48
20.GS.C4B.PYT.500.IK,IK21,2021,Ikenne,PYT,TMS18F1345P0012,G329,1332,14,,1,14,19,33.9,19.82
20.GS.C4B.PYT.500.IK,IK21,2021,Ikenne,PYT,TMS18F1323p0025,G262,1334,14,,1,14,17,37.8,
20.GS.C4B.PYT.500.IK,IK21,2021,Ikenne,PYT,TMS18F1352P0002,G364,1336,14,,1,14,15,40.5,31.12
20.GS.C4B.PYT.500.IK,IK21,2021,Ikenne,PYT,TMS18F1344P0153,G324,1337,14,,1,14,14,34.9,29.4
20.GS.C4B.PYT.500.IK,IK21,2021,Ikenne,PYT,TMS18F1265P0030,G165,1342,14,,1,14,9,30,24.21
20.GS.C4B.PYT.500.IK,IK21,2021,Ikenne,PYT,TMS18F1139P0076,G104,1345,14,,1,14,6,38.5,31.13
20.GS.C4B.PYT.500.IK,IK21,2021,Ikenne,PYT,TMS18F1341P0044,G310,1346,14,,1,14,5,21.1,15.24
20.GS.C4B.PYT.500.IK,IK21,2021,Ikenne,PYT,TMS18F1038P0056,G33,1348,14,,1,14,3,32.5,23.92
20.GS.C4B.PYT.500.IK,IK21,2021,Ikenne,PYT,TMS18F1003P0009,G15,1351,15,,1,15,1,36.8,31.08
20.GS.C4B.PYT.500.IK,IK21,2021,Ikenne,PYT,TMS18F1335P0021,G292,1354,15,,1,15,4,33,23.11
20.GS.C4B.PYT.500.IK,IK21,2021,Ikenne,PYT,TMS18F1313P0053,G234,1355,15,,1,15,5,39.5,28.42
20.GS.C4B.PYT.500.IK,IK21,2021,Ikenne,PYT,TMS18F1175P0053,G119,1356,15,,1,15,6,22.1,14.1
20.GS.C4B.PYT.500.IK,IK21,2021,Ikenne,PYT,TMS18F1208P0007,G131,1357,15,,1,15,7,25.8,19.83
20.GS.C4B.PYT.500.IK,IK21,2021,Ikenne,PYT,TMS18F1306P0127,G215,1358,15,,1,15,8,40.9,32.31
20.GS.C4B.PYT.500.IK,IK21,2021,Ikenne,PYT,TMS18F1318P0016,G243,1361,15,,1,15,11,25.9,21.34
20.GS.C4B.PYT.500.IK,IK21,2021,Ikenne,PYT,TMS18F1331P0013,G284,1362,15,,1,15,12,25.6,20.91
20.GS.C4B.PYT.500.IK,IK21,2021,Ikenne,PYT,TMS18F1280P0140,G186,1364,15,,1,15,14,26.8,20.42
20.GS.C4B.PYT.500.IK,IK21,2021,Ikenne,PYT,TMS18F1025P0041,G28,1369,15,,1,15,19,36.6,31.43
20.GS.C4B.PYT.500.IK,IK21,2021,Ikenne,PYT,TMS18F1355p0025,G372,1370,15,,1,15,20,27.8,
20.GS.C4B.PYT.500.IK,IK21,2021,Ikenne,PYT,TMS18F1310P0151,G228,1373,15,,1,15,23,38.9,31.13
20.GS.C4B.PYT.500.IK,IK21,2021,Ikenne,PYT,TMS18F1081P0014,G77,1375,15,,1,15,25,39.6,33.82
20.GS.C4B.PYT.500.IK,IK21,2021,Ikenne,PYT,TMS18F1447P0002,G426,1376,16,,1,16,25,28.7,23.31
20.GS.C4B.PYT.500.IK,IK21,2021,Ikenne,PYT,TMS18F1562P0026,G452,1379,16,,1,16,22,35.3,28.42
20.GS.C4B.PYT.500.IK,IK21,2021,Ikenne,PYT,TMS18F1361P0018,G379,1385,16,,1,16,16,33.5,26.47
20.GS.C4B.PYT.500.IK,IK21,2021,Ikenne,PYT,TMS18F1076P0066,G68,1386,16,,1,16,15,28.4,21.92
20.GS.C4B.PYT.500.IK,IK21,2021,Ikenne,PYT,TMS18F1344P0133,G322,1387,16,,1,16,14,26.7,23.34
20.GS.C4B.PYT.500.IK,IK21,2021,Ikenne,PYT,TMS18F1178P0046,G121,1389,16,,1,16,12,33.8,
20.GS.C4B.PYT.500.IK,IK21,2021,Ikenne,PYT,TMS18F1217P0075,G137,1392,16,,1,16,9,33.4,26.71
20.GS.C4B.PYT.500.IK,IK21,2021,Ikenne,PYT,TMS18F1324P0003,G264,1393,16,,1,16,8,31.1,24.93
20.GS.C4B.PYT.500.IK,IK21,2021,Ikenne,PYT,TMS18F1353P0038,G370,1395,16,,1,16,6,39.6,28.75
20.GS.C4B.PYT.500.IK,IK21,2021,Ikenne,PYT,TMS18F1478P0047,G433,1397,16,,1,16,4,28.5,21.36
20.GS.C4B.PYT.500.IK,IK21,2021,Ikenne,PYT,TMS18F1258P0156,G156,1400,16,,1,16,1,34.2,27.04
20.GS.C4B.PYT.500.IK,IK21,2021,Ikenne,PYT,TMS18F1047P0046,G44,1401,17,,1,17,1,29.9,22.62
20.GS.C4B.PYT.500.IK,IK21,2021,Ikenne,PYT,TMS18F1040P0032,G35,1403,17,,1,17,3,30,21.41
20.GS.C4B.PYT.500.IK,IK21,2021,Ikenne,PYT,TMS18F1342P0017,G312,1404,17,,1,17,4,33.5,27.33
20.GS.C4B.PYT.500.IK,IK21,2021,Ikenne,PYT,TMS18F1369P0010,G391,1412,17,,1,17,12,41.9,
20.GS.C4B.PYT.500.IK,IK21,2021,Ikenne,PYT,TMS18F1221P0053,G144,1413,17,,1,17,13,31,23.82
20.GS.C4B.PYT.500.IK,IK21,2021,Ikenne,PYT,TMS18F1308P0114,G223,1415,17,,1,17,15,30.2,25.03
20.GS.C4B.PYT.500.IK,IK21,2021,Ikenne,PYT,TMS18F1127P0010,G92,1416,17,,1,17,16,38.5,23.74
20.GS.C4B.PYT.500.IK,IK21,2021,Ikenne,PYT,TMS18F1324P0093,G270,1417,17,,1,17,17,33.4,23.43
20.GS.C4B.PYT.500.IK,IK21,2021,Ikenne,PYT,TMS18F1337P0044,G296,1419,17,,1,17,19,32.8,26.74
20.GS.C4B.PYT.500.IK,IK21,2021,Ikenne,PYT,TMS18F1107P0020,G85,1423,17,,1,17,23,18.6,
20.GS.C4B.PYT.500.IK,IK21,2021,Ikenne,PYT,TMS18F1371P0001,G396,1424,17,,1,17,24,35,25.32
20.GS.C4B.PYT.500.IK,IK21,2021,Ikenne,PYT,TMS18F1333p0013,G288,1427,18,,1,18,24,31.3,23.88
20.GS.C4B.PYT.500.IK,IK21,2021,Ikenne,PYT,TMS18F1280P0057,G179,1428,18,,1,18,23,42.5,34.27
20.GS.C4B.PYT.500.IK,IK21,2021,Ikenne,PYT,TMS18F1309P0074,G225,1429,18,,1,18,22,20.2,25.48
20.GS.C4B.PYT.500.IK,IK21,2021,Ikenne,PYT,TMS18F1447P0045,G427,1431,18,,1,18,20,35.7,23.98
20.GS.C4B.PYT.500.IK,IK21,2021,Ikenne,PYT,TMS18F1506P0018,G445,1434,18,,1,18,17,28.3,20.91
20.GS.C4B.PYT.500.IK,IK21,2021,Ikenne,PYT,TMS18F1132P0083,G96,1438,18,,1,18,13,37.1,28.82
20.GS.C4B.PYT.500.IK,IK21,2021,Ikenne,PYT,TMS18F1476P0047,G432,1439,18,,1,18,12,32.4,27.88
20.GS.C4B.PYT.500.IK,IK21,2021,Ikenne,PYT,TMS18F1395P0038,G410,1444,18,,1,18,7,32.2,24.18
20.GS.C4B.PYT.500.IK,IK21,2021,Ikenne,PYT,TMS18F1395P0010,G409,1445,18,,1,18,6,32.9,26.45
20.GS.C4B.PYT.500.IK,IK21,2021,Ikenne,PYT,TMS13F1307P0016,G9,1451,19,,1,19,1,38.7,30.62
20.GS.C4B.PYT.500.IK,IK21,2021,Ikenne,PYT,TMS13F1343P0022,G10,1453,19,,1,19,3,38.1,30.63
20.GS.C4B.PYT.500.IK,IK21,2021,Ikenne,PYT,TMS18F1334P0003,G289,1456,19,,1,19,6,36.1,25.91
20.GS.C4B.PYT.500.IK,IK21,2021,Ikenne,PYT,TMS18F1323P0041,G263,1458,19,,1,19,8,30.8,16.93
20.GS.C4B.PYT.500.IK,IK21,2021,Ikenne,PYT,TMS18F1329P0011,G280,1459,19,,1,19,9,32.1,25.21
20.GS.C4B.PYT.500.IK,IK21,2021,Ikenne,PYT,TMS18F1152P0003,G109,1462,19,,1,19,12,37.4,26.38
20.GS.C4B.PYT.500.IK,IK21,2021,Ikenne,PYT,TMS18F1044P0013,G41,1464,19,,1,19,14,35.6,23.74
20.GS.C4B.PYT.500.IK,IK21,2021,Ikenne,PYT,TMS18F1047p0012,G42,1465,19,,1,19,15,33.3,24.18
20.GS.C4B.PYT.500.IK,IK21,2021,Ikenne,PYT,TMS18F1178P0010,G120,1466,19,,1,19,16,32.7,27.32
20.GS.C4B.PYT.500.IK,IK21,2021,Ikenne,PYT,TMS18F1348P0092,G339,1468,19,,1,19,18,41.2,32.37
20.GS.C4B.PYT.500.IK,IK21,2021,Ikenne,PYT,TMS18F1240P0026,G151,1473,19,,1,19,23,36.9,23.82
20.GS.C4B.PYT.500.IK,IK21,2021,Ikenne,PYT,TMS18F1278P0118,G175,1474,19,,1,19,24,40.6,33.17
20.GS.C4B.PYT.500.IK,IK21,2021,Ikenne,PYT,TMS18F1313P0001,G232,1475,19,,1,19,25,30.2,22.53
20.GS.C4B.PYT.500.IK,IK21,2021,Ikenne,PYT,TMS18F1348P0113,G344,1476,20,,1,20,25,31.2,23.34
20.GS.C4B.PYT.500.IK,IK21,2021,Ikenne,PYT,TMS18F1307P0001,G219,1478,20,,1,20,23,26.1,18.92
20.GS.C4B.PYT.500.IK,IK21,2021,Ikenne,PYT,TMS18F1040P0044,G36,1480,20,,1,20,21,29.8,
20.GS.C4B.PYT.500.IK,IK21,2021,Ikenne,PYT,TMS18F1314P0042,G237,1481,20,,1,20,20,33.4,27.02
20.GS.C4B.PYT.500.IK,IK21,2021,Ikenne,PYT,TMS18F1261P0005,G160,1482,20,,1,20,19,35.6,27.43
20.GS.C4B.PYT.500.IK,IK21,2021,Ikenne,PYT,TMS18F1024P0020,G27,1483,20,,1,20,18,,
20.GS.C4B.PYT.500.IK,IK21,2021,Ikenne,PYT,TMS18F1202p0001,G127,1485,20,,1,20,16,32.7,26.13
20.GS.C4B.PYT.500.IK,IK21,2021,Ikenne,PYT,TMS18F1298P0017,G202,1487,20,,1,20,14,31.3,25.52
20.GS.C4B.PYT.500.IK,IK21,2021,Ikenne,PYT,TMS18F1319P0159,G252,1488,20,,1,20,13,36.5,30.02
20.GS.C4B.PYT.500.IK,IK21,2021,Ikenne,PYT,TMS18F1424P0020,G421,1489,20,,1,20,12,27.3,17.73
20.GS.C4B.PYT.500.IK,IK21,2021,Ikenne,PYT,TMS18F1278P0165,G176,1490,20,,1,20,11,33.8,
20.GS.C4B.PYT.500.IK,IK21,2021,Ikenne,PYT,TMS18F1324P0092,G269,1491,20,,1,20,10,25.1,11.76
20.GS.C4B.PYT.500.IK,IK21,2021,Ikenne,PYT,TMS18F1348P0095,G340,1492,20,,1,20,9,31.9,21.41
20.GS.C4B.PYT.500.IK,IK21,2021,Ikenne,PYT,TMS18F1144P0010,G106,1493,20,,1,20,8,28.6,23.3
20.GS.C4B.PYT.500.IK,IK21,2021,Ikenne,PYT,TMS18F1355p0030,G373,1494,20,,1,20,7,27.8,20.13
20.GS.C4B.PYT.500.IK,IK21,2021,Ikenne,PYT,TMS18F1073P0035,G65,1495,20,,1,20,6,30,22.82
20.GS.C4B.PYT.500.IK,IK21,2021,Ikenne,PYT,TMS18F1305P0017,G208,1498,20,,1,20,3,36.7,
20.GS.C4B.PYT.500.IK,IK21,2021,Ikenne,PYT,TMS18F1208P0007,G131,2001,21,,2,21,1,36.8,30.21
20.GS.C4B.PYT.500.IK,IK21,2021,Ikenne,PYT,TMS18F1340P0001,G307,2004,21,,2,21,4,37.2,21.55
20.GS.C4B.PYT.500.IK,IK21,2021,Ikenne,PYT,TMS18F1539P0073,G449,2006,21,,2,21,6,32.5,
20.GS.C4B.PYT.500.IK,IK21,2021,Ikenne,PYT,TMS18F1310P0168,G229,2007,21,,2,21,7,40.7,35.1
20.GS.C4B.PYT.500.IK,IK21,2021,Ikenne,PYT,TMS18F1338P0053,G299,2008,21,,2,21,8,35.5,31.05
20.GS.C4B.PYT.500.IK,IK21,2021,Ikenne,PYT,TMS18F1320P0082,G255,2009,21,,2,21,9,32,25.89
20.GS.C4B.PYT.500.IK,IK21,2021,Ikenne,PYT,TMS18F1366P0014,G389,2010,21,,2,21,10,40.1,32.41
20.GS.C4B.PYT.500.IK,IK21,2021,Ikenne,PYT,TMS18F1355P0081,G375,2011,21,,2,21,11,35.6,30.91
20.GS.C4B.PYT.500.IK,IK21,2021,Ikenne,PYT,TMS18F1305P0017,G208,2017,21,,2,21,17,37.2,31.13
20.GS.C4B.PYT.500.IK,IK21,2021,Ikenne,PYT,TMS18F1280P0091,G181,2018,21,,2,21,18,34.3,27.31
20.GS.C4B.PYT.500.IK,IK21,2021,Ikenne,PYT,TMS18F1348P0092,G339,2020,21,,2,21,20,42.2,32.86
20.GS.C4B.PYT.500.IK,IK21,2021,Ikenne,PYT,TMS18F1134P0010,G98,2022,21,,2,21,22,33.8,28.06
20.GS.C4B.PYT.500.IK,IK21,2021,Ikenne,PYT,TMS18F1324P0003,G264,2024,21,,2,21,24,29.4,24.1
20.GS.C4B.PYT.500.IK,IK21,2021,Ikenne,PYT,TMS18F1344P0003,G319,2025,21,,2,21,25,34.9,23.69
20.GS.C4B.PYT.500.IK,IK21,2021,Ikenne,PYT,TMS18F1324P0070,G267,2028,22,,2,22,23,38.8,30.14
20.GS.C4B.PYT.500.IK,IK21,2021,Ikenne,PYT,TMS18F1484P0036,G437,2029,22,,2,22,22,35.2,25.49
20.GS.C4B.PYT.500.IK,IK21,2021,Ikenne,PYT,TMS18F1132P0144,G97,2033,22,,2,22,18,32.5,
20.GS.C4B.PYT.500.IK,IK21,2021,Ikenne,PYT,TMS18F1299P0005,G204,2035,22,,2,22,16,37.4,31.08
20.GS.C4B.PYT.500.IK,IK21,2021,Ikenne,PYT,TMS18F1309P0062,G224,2038,22,,2,22,13,40.7,29.79
20.GS.C4B.PYT.500.IK,IK21,2021,Ikenne,PYT,TMS18F1343P0012,G313,2041,22,,2,22,10,28.6,25.74
20.GS.C4B.PYT.500.IK,IK21,2021,Ikenne,PYT,TMS18F1007P0004,G20,2044,22,,2,22,7,38.2,28.06
20.GS.C4B.PYT.500.IK,IK21,2021,Ikenne,PYT,TMS18F1144P0010,G106,2048,22,,2,22,3,29.9,23.62
20.GS.C4B.PYT.500.IK,IK21,2021,Ikenne,PYT,TMS18F1318P0036,G245,2050,22,,2,22,1,33.6,25.11
20.GS.C4B.PYT.500.IK,IK21,2021,Ikenne,PYT,TMS18F1250P0050,G152,2053,23,,2,23,3,33.7,26.4
20.GS.C4B.PYT.500.IK,IK21,2021,Ikenne,PYT,TMS18F1040P0032,G35,2060,23,,2,23,10,32.8,26.88
20.GS.C4B.PYT.500.IK,IK21,2021,Ikenne,PYT,TMS18F1348P0113,G344,2061,23,,2,23,11,27.6,21.11
20.GS.C4B.PYT.500.IK,IK21,2021,Ikenne,PYT,TMS18F1007P0005,G21,2066,23,,2,23,16,36.3,31.41
20.GS.C4B.PYT.500.IK,IK21,2021,Ikenne,PYT,TMS18F1320P0087,G257,2068,23,,2,23,18,37,30.16
20.GS.C4B.PYT.500.IK,IK21,2021,Ikenne,PYT,TMS18F1364P0018,G381,2069,23,,2,23,19,30.9,21.37
20.GS.C4B.PYT.500.IK,IK21,2021,Ikenne,PYT,TMS18F1328P0032,G279,2072,23,,2,23,22,36.1,
20.GS.C4B.PYT.500.IK,IK21,2021,Ikenne,PYT,TMS18F1424P0021,G422,2075,23,,2,23,25,36.9,31.83
20.GS.C4B.PYT.500.IK,IK21,2021,Ikenne,PYT,TMS18F1265P0030,G165,2079,24,,2,24,22,34.9,
20.GS.C4B.PYT.500.IK,IK21,2021,Ikenne,PYT,TMS18F1344P0153,G324,2080,24,,2,24,21,38.3,31.28
20.GS.C4B.PYT.500.IK,IK21,2021,Ikenne,PYT,TMS18F1349P0157,G356,2082,24,,2,24,19,41.3,32.42
20.GS.C4B.PYT.500.IK,IK21,2021,Ikenne,PYT,TMS18F1347P0029,G333,2083,24,,2,24,18,41.9,35.43
20.GS.C4B.PYT.500.IK,IK21,2021,Ikenne,PYT,TMS18F1344P0100,G321,2084,24,,2,24,17,30.1,22.09
20.GS.C4B.PYT.500.IK,IK21,2021,Ikenne,PYT,TMS18F1341P0037,G309,2086,24,,2,24,15,29.6,25.2
20.GS.C4B.PYT.500.IK,IK21,2021,Ikenne,PYT,TMS18F1138P0028,G100,2089,24,,2,24,12,28.3,23.74
20.GS.C4B.PYT.500.IK,IK21,2021,Ikenne,PYT,TMS18F1348P0157,G350,2091,24,,2,24,10,41.6,33.38
20.GS.C4B.PYT.500.IK,IK21,2021,Ikenne,PYT,TMS18F1319P0033,G247,2093,24,,2,24,8,40.8,31.69
20.GS.C4B.PYT.500.IK,IK21,2021,Ikenne,PYT,TMS18F1163P0035,G112,2099,24,,2,24,2,33.2,25.49
20.GS.C4B.PYT.500.IK,IK21,2021,Ikenne,PYT,TMS18F1047p0012,G42,2100,24,,2,24,1,37.6,27.29
20.GS.C4B.PYT.500.IK,IK21,2021,Ikenne,PYT,TMS18F1282P0049,G188,2102,25,,2,25,2,37.9,29.84
20.GS.C4B.PYT.500.IK,IK21,2021,Ikenne,PYT,TMS18F1083P0028,G79,2103,25,,2,25,3,28,24.91
20.GS.C4B.PYT.500.IK,IK21,2021,Ikenne,PYT,TMS18F1333P0012,G287,2106,25,,2,25,6,30,24.56
20.GS.C4B.PYT.500.IK,IK21,2021,Ikenne,PYT,TMS18F1344P0133,G322,2107,25,,2,25,7,37.1,32.54
20.GS.C4B.PYT.500.IK,IK21,2021,Ikenne,PYT,TMS18F1338P0116,G304,2108,25,,2,25,8,31.2,25.7
20.GS.C4B.PYT.500.IK,IK21,2021,Ikenne,PYT,TMS18F1287P0029,G191,2111,25,,2,25,11,40.7,34.29
20.GS.C4B.PYT.500.IK,IK21,2021,Ikenne,PYT,TMS18F1179P0008,G122,2112,25,,2,25,12,34.5,27.42
20.GS.C4B.PYT.500.IK,IK21,2021,Ikenne,PYT,TMS18F1377P0007,G402,2113,25,,2,25,13,33.4,26.76
20.GS.C4B.PYT.500.IK,IK21,2021,Ikenne,PYT,TMS18F1489P0038,G440,2116,25,,2,25,16,35.8,
20.GS.C4B.PYT.500.IK,IK21,2021,Ikenne,PYT,TMS18F1308P0077,G220,2117,25,,2,25,17,38.8,29.1
20.GS.C4B.PYT.500.IK,IK21,2021,Ikenne,PYT,TMS18F1280P0126,G184,2118,25,,2,25,18,35.3,
20.GS.C4B.PYT.500.IK,IK21,2021,Ikenne,PYT,TMS18F1278P0068,G173,2119,25,,2,25,19,17.9,
20.GS.C4B.PYT.500.IK,IK21,2021,Ikenne,PYT,TMS18F1065P0037,G60,2122,25,,2,25,22,33.9,27.76
20.GS.C4B.PYT.500.IK,IK21,2021,Ikenne,PYT,TMS18F1127P0011,G93,2125,25,,2,25,25,32.3,24.42
20.GS.C4B.PYT.500.IK,IK21,2021,Ikenne,PYT,TMS18F1003P0009,G15,2127,26,,2,26,24,35.8,26.81
20.GS.C4B.PYT.500.IK,IK21,2021,Ikenne,PYT,TMS18F1323p0025,G262,2128,26,,2,26,23,41.3,29.4
20.GS.C4B.PYT.500.IK,IK21,2021,Ikenne,PYT,TMS18F1179P0029,G123,2131,26,,2,26,20,39.3,33.34
20.GS.C4B.PYT.500.IK,IK21,2021,Ikenne,PYT,TMS18F1319P0159,G252,2133,26,,2,26,18,35,27.54
20.GS.C4B.PYT.500.IK,IK21,2021,Ikenne,PYT,TMS18F1305P0019,G209,2136,26,,2,26,15,25.2,18.2
20.GS.C4B.PYT.500.IK,IK21,2021,Ikenne,PYT,TMS18F1295P0030,G197,2138,26,,2,26,13,31.7,23.12
20.GS.C4B.PYT.500.IK,IK21,2021,Ikenne,PYT,TMS18F1191P0002,G126,2139,26,,2,26,12,39.6,28.97
20.GS.C4B.PYT.500.IK,IK21,2021,Ikenne,PYT,TMS18F1305P0031,G210,2142,26,,2,26,9,39.8,29.19
20.GS.C4B.PYT.500.IK,IK21,2021,Ikenne,PYT,TMS18F1395P0038,G410,2144,26,,2,26,7,40.3,32.09
20.GS.C4B.PYT.500.IK,IK21,2021,Ikenne,PYT,TMS18F1344P0147,G323,2145,26,,2,26,6,45.2,36.02
20.GS.C4B.PYT.500.IK,IK21,2021,Ikenne,PYT,TMS18F1335P0021,G292,2148,26,,2,26,3,36.4,27.36
20.GS.C4B.PYT.500.IK,IK21,2021,Ikenne,PYT,TMS18F1260P0060,G159,2149,26,,2,26,2,36.2,24.32
20.GS.C4B.PYT.500.IK,IK21,2021,Ikenne,PYT,TMS18F1178P0046,G121,2151,27,,2,27,1,34.8,23.99
20.GS.C4B.PYT.500.IK,IK21,2021,Ikenne,PYT,TMS18F1355p0030,G373,2153,27,,2,27,3,27.6,17.04
20.GS.C4B.PYT.500.IK,IK21,2021,Ikenne,PYT,TMS18F1489P0040,G441,2154,27,,2,27,4,31.8,25.22
20.GS.C4B.PYT.500.IK,IK21,2021,Ikenne,PYT,TMS18F1132P0042,G94,2155,27,,2,27,5,38.4,30.95
20.GS.C4B.PYT.500.IK,IK21,2021,Ikenne,PYT,TMS18F1132P0083,G96,2156,27,,2,27,6,43.1,32.61
20.GS.C4B.PYT.500.IK,IK21,2021,Ikenne,PYT,IITA-TMS-IBA000070,G1,2157,27,1,2,27,7,36,24.59
20.GS.C4B.PYT.500.IK,IK21,2021,Ikenne,PYT,TMS18F1353p0017,G367,2161,27,,2,27,11,37.3,29.51
20.GS.C4B.PYT.500.IK,IK21,2021,Ikenne,PYT,TMS18F1149P0024,G107,2163,27,,2,27,13,31,24.29
20.GS.C4B.PYT.500.IK,IK21,2021,Ikenne,PYT,TMS18F1344P0159,G325,2164,27,,2,27,14,43.1,31.7
20.GS.C4B.PYT.500.IK,IK21,2021,Ikenne,PYT,TMS18F1331P0013,G284,2165,27,,2,27,15,29.7,24.5
20.GS.C4B.PYT.500.IK,IK21,2021,Ikenne,PYT,TMS18F1341P0044,G310,2166,27,,2,27,16,31.5,24.02
20.GS.C4B.PYT.500.IK,IK21,2021,Ikenne,PYT,TMS18F1364P0022,G382,2168,27,,2,27,18,39.6,30.7
20.GS.C4B.PYT.500.IK,IK21,2021,Ikenne,PYT,TMS18F1280P0151,G187,2169,27,,2,27,19,36.9,29.75
20.GS.C4B.PYT.500.IK,IK21,2021,Ikenne,PYT,TMS18F1348P0156,G348,2170,27,,2,27,20,43.2,31.71
20.GS.C4B.PYT.500.IK,IK21,2021,Ikenne,PYT,TMS18F1307P0001,G219,2171,27,,2,27,21,30.7,22.55
20.GS.C4B.PYT.500.IK,IK21,2021,Ikenne,PYT,TMEB419,G6,2172,27,1,2,27,22,35.7,28.96
20.GS.C4B.PYT.500.IK,IK21,2021,Ikenne,PYT,TMS18F1520P0050,G447,2176,28,,2,28,25,31,22.55
20.GS.C4B.PYT.500.IK,IK21,2021,Ikenne,PYT,TMS18F1344P0176,G326,2177,28,,2,28,24,29.7,27.3
20.GS.C4B.PYT.500.IK,IK21,2021,Ikenne,PYT,TMS18F1338P0115,G303,2178,28,,2,28,23,38,
20.GS.C4B.PYT.500.IK,IK21,2021,Ikenne,PYT,TMS18F1295P0034,G198,2179,28,,2,28,22,28.8,
20.GS.C4B.PYT.500.IK,IK21,2021,Ikenne,PYT,TMS18F1388P0012,G405,2180,28,,2,28,21,31.7,18.7
20.GS.C4B.PYT.500.IK,IK21,2021,Ikenne,PYT,IITA-TMS-IBA980581,G3,2181,28,1,2,28,20,33.1,24.86
20.GS.C4B.PYT.500.IK,IK21,2021,Ikenne,PYT,TMS18F1081P0014,G77,2183,28,,2,28,18,40.8,33.34
20.GS.C4B.PYT.500.IK,IK21,2021,Ikenne,PYT,TMS18F1350P0056,G360,2184,28,,2,28,17,34.5,28.47
20.GS.C4B.PYT.500.IK,IK21,2021,Ikenne,PYT,TMS18F1348P0095,G340,2185,28,,2,28,16,30.2,19.98
20.GS.C4B.PYT.500.IK,IK21,2021,Ikenne,PYT,TMS18F1436P0053,G425,2186,28,,2,28,15,43.1,
20.GS.C4B.PYT.500.IK,IK21,2021,Ikenne,PYT,TMS18F1354P0027,G371,2187,28,,2,28,14,39.5,31
20.GS.C4B.PYT.500.IK,IK21,2021,Ikenne,PYT,IITA-TMS-IBA982101,G4,2188,28,1,2,28,13,33.6,25.68
20.GS.C4B.PYT.500.IK,IK21,2021,Ikenne,PYT,TMS18F1064P0027,G59,2192,28,,2,28,9,21.8,10.94
20.GS.C4B.PYT.500.IK,IK21,2021,Ikenne,PYT,TMS18F1024P0020,G27,2193,28,,2,28,8,22.9,11.58
20.GS.C4B.PYT.500.IK,IK21,2021,Ikenne,PYT,IITA-TMS-IBA30572,G2,2194,28,1,2,28,7,29.3,22.71
20.GS.C4B.PYT.500.IK,IK21,2021,Ikenne,PYT,TMS18F1280P0057,G179,2196,28,,2,28,5,41.4,34.1
20.GS.C4B.PYT.500.IK,IK21,2021,Ikenne,PYT,TMS18F1480P0023,G434,2197,28,,2,28,4,26.3,18.6
20.GS.C4B.PYT.500.IK,IK21,2021,Ikenne,PYT,TMS18F1408P0006,G415,2199,28,,2,28,2,31.9,24.01
20.GS.C4B.PYT.500.IK,IK21,2021,Ikenne,PYT,TMS18F1421P0005,G419,2203,29,,2,29,3,34.1,24.61
20.GS.C4B.PYT.500.IK,IK21,2021,Ikenne,PYT,TMS18F1278P0118,G175,2204,29,,2,29,4,40.9,24.63
20.GS.C4B.PYT.500.IK,IK21,2021,Ikenne,PYT,TMS18F1317P0123,G241,2206,29,,2,29,6,35.2,21.12
20.GS.C4B.PYT.500.IK,IK21,2021,Ikenne,PYT,TMS18F1369P0015,G393,2207,29,,2,29,7,27.4,15.95
20.GS.C4B.PYT.500.IK,IK21,2021,Ikenne,PYT,TMS18F1476P0047,G432,2210,29,,2,29,10,37.4,29.31
20.GS.C4B.PYT.500.IK,IK21,2021,Ikenne,PYT,TMS18F1076P0110,G72,2212,29,,2,29,12,28.5,23.84
20.GS.C4B.PYT.500.IK,IK21,2021,Ikenne,PYT,TMS18F1414P0014,G417,2214,29,,2,29,14,40.6,30.26
20.GS.C4B.PYT.500.IK,IK21,2021,Ikenne,PYT,TMS18F1318P0016,G243,2215,29,,2,29,15,22.4,19.81
20.GS.C4B.PYT.500.IK,IK21,2021,Ikenne,PYT,TMS18F1317P0059,G239,2218,29,,2,29,18,32.8,24.82
20.GS.C4B.PYT.500.IK,IK21,2021,Ikenne,PYT,TMS18F1485P0020,G438,2220,29,,2,29,20,32.7,27.79
20.GS.C4B.PYT.500.IK,IK21,2021,Ikenne,PYT,TMS18F1026P0009,G29,2221,29,,2,29,21,38.9,26.69
20.GS.C4B.PYT.500.IK,IK21,2021,Ikenne,PYT,TMS18F1233p0013,G149,2224,29,,2,29,24,27.6,
20.GS.C4B.PYT.500.IK,IK21,2021,Ikenne,PYT,TMS18F1371P0011,G397,2225,29,,2,29,25,31.2,18.98
20.GS.C4B.PYT.500.IK,IK21,2021,Ikenne,PYT,TMS18F1278P0098,G174,2227,30,,2,30,24,32.4,26.56
20.GS.C4B.PYT.500.IK,IK21,2021,Ikenne,PYT,TMS18F1409P0008,G416,2230,30,,2,30,21,32.7,29.99
20.GS.C4B.PYT.500.IK,IK21,2021,Ikenne,PYT,TMS18F1366P0012,G388,2231,30,,2,30,20,30.5,20.97
20.GS.C4B.PYT.500.IK,IK21,2021,Ikenne,PYT,TMS18F1323P0024,G261,2233,30,,2,30,18,27.8,24.59
20.GS.C4B.PYT.500.IK,IK21,2021,Ikenne,PYT,TMS18F1345P0012,G329,2237,30,,2,30,14,37.9,25.18
20.GS.C4B.PYT.500.IK,IK21,2021,Ikenne,PYT,TMS18F1308P0082,G221,2239,30,,2,30,12,29.6,25.64
20.GS.C4B.PYT.500.IK,IK21,2021,Ikenne,PYT,TMS18F1298P0017,G202,2240,30,,2,30,11,28.3,25.33
20.GS.C4B.PYT.500.IK,IK21,2021,Ikenne,PYT,TMS18F1312P0039,G231,2241,30,,2,30,10,29.6,
20.GS.C4B.PYT.500.IK,IK21,2021,Ikenne,PYT,TMS18F1352P0049,G366,2242,30,,2,30,9,29.3,21.71
20.GS.C4B.PYT.500.IK,IK21,2021,Ikenne,PYT,TMS18F1047P0046,G44,2244,30,,2,30,7,28.5,25.83
20.GS.C4B.PYT.500.IK,IK21,2021,Ikenne,PYT,TMS18F1217P0075,G137,2245,30,,2,30,6,37.8,34.26
20.GS.C4B.PYT.500.IK,IK21,2021,Ikenne,PYT,TMS18F1353P0038,G370,2248,30,,2,30,3,38.2,25.46
20.GS.C4B.PYT.500.IK,IK21,2021,Ikenne,PYT,IITA-TMS-IBA30572,G2,2249,30,1,2,30,2,30.7,22.86
20.GS.C4B.PYT.500.IK,IK21,2021,Ikenne,PYT,TMS18F1342P0017,G312,2251,31,,2,31,1,31.6,25.44
20.GS.C4B.PYT.500.IK,IK21,2021,Ikenne,PYT,TMS18F1313P0053,G234,2254,31,,2,31,4,43.9,30.08
20.GS.C4B.PYT.500.IK,IK21,2021,Ikenne,PYT,TMS18F1343P0064,G316,2255,31,,2,31,5,36,34.85
20.GS.C4B.PYT.500.IK,IK21,2021,Ikenne,PYT,TMS13F1343P0044,G11,2259,31,,2,31,9,28.9,23.39
20.GS.C4B.PYT.500.IK,IK21,2021,Ikenne,PYT,TMS18F1127P0010,G92,2261,31,,2,31,11,30.5,23.07
20.GS.C4B.PYT.500.IK,IK21,2021,Ikenne,PYT,IITA-TMS-IBA000070,G1,2265,31,1,2,31,15,28.7,24.36
20.GS.C4B.PYT.500.IK,IK21,2021,Ikenne,PYT,TMS18F1489P0044,G442,2267,31,,2,31,17,29.3,21.02
20.GS.C4B.PYT.500.IK,IK21,2021,Ikenne,PYT,TMS13F1307P0016,G9,2271,31,,2,31,21,33.7,25.19
20.GS.C4B.PYT.500.IK,IK21,2021,Ikenne,PYT,TMS18F1336P0015,G295,2272,31,,2,31,22,43.3,33.59
20.GS.C4B.PYT.500.IK,IK21,2021,Ikenne,PYT,TMS18F1113P0038,G87,2273,31,,2,31,23,37.2,28.39
20.GS.C4B.PYT.500.IK,IK21,2021,Ikenne,PYT,TMS18F1258P0147,G154,2274,31,,2,31,24,39.5,30.52
20.GS.C4B.PYT.500.IK,IK21,2021,Ikenne,PYT,TMS18F1305P0039,G211,2276,32,,2,32,25,34.3,26.38
20.GS.C4B.PYT.500.IK,IK21,2021,Ikenne,PYT,TMS18F1349P0064,G351,2278,32,,2,32,23,28,22.13
20.GS.C4B.PYT.500.IK,IK21,2021,Ikenne,PYT,TMS18F1414P0017,G418,2279,32,,2,32,22,35.3,25.71
20.GS.C4B.PYT.500.IK,IK21,2021,Ikenne,PYT,TMS18F1308P0114,G223,2280,32,,2,32,21,30.3,27.01
20.GS.C4B.PYT.500.IK,IK21,2021,Ikenne,PYT,TMS18F1296P0042,G200,2281,32,,2,32,20,28.5,18.95
20.GS.C4B.PYT.500.IK,IK21,2021,Ikenne,PYT,IITA-TMS-IBA982101,G4,2282,32,1,2,32,19,34.5,26.7
20.GS.C4B.PYT.500.IK,IK21,2021,Ikenne,PYT,TMS18F1478P0047,G433,2284,32,,2,32,17,24.1,21.96
20.GS.C4B.PYT.500.IK,IK21,2021,Ikenne,PYT,TMS18F1506P0018,G445,2286,32,,2,32,15,32.8,27.52
20.GS.C4B.PYT.500.IK,IK21,2021,Ikenne,PYT,TMS18F1324P0107,G271,2290,32,,2,32,11,34.7,23.78
20.GS.C4B.PYT.500.IK,IK21,2021,Ikenne,PYT,TMS18F1539P0063,G448,2291,32,,2,32,10,30.6,21.44
20.GS.C4B.PYT.500.IK,IK21,2021,Ikenne,PYT,TMS18F1348P0024,G334,2292,32,,2,32,9,22.2,18.15
20.GS.C4B.PYT.500.IK,IK21,2021,Ikenne,PYT,TMEB419,G6,2294,32,1,2,32,7,35.9,25.41
20.GS.C4B.PYT.500.IK,IK21,2021,Ikenne,PYT,TMS18F1345P0043,G330,2296,32,,2,32,5,40.1,
20.GS.C4B.PYT.500.IK,IK21,2021,Ikenne,PYT,TMS18F1001P0020,G13,2297,32,,2,32,4,32.5,28
20.GS.C4B.PYT.500.IK,IK21,2021,Ikenne,PYT,TMS18F1312P0033,G230,2298,32,,2,32,3,38.8,29.04
20.GS.C4B.PYT.500.IK,IK21,2021,Ikenne,PYT,TMS18F1348P0039,G335,2299,32,,2,32,2,31.6,25.43
20.GS.C4B.PYT.500.IK,IK21,2021,Ikenne,PYT,TMS18F1505P0057,G444,2300,32,,2,32,1,26.8,25.43
20.GS.C4B.PYT.500.IK,IK21,2021,Ikenne,PYT,TMS18F1277P0007,G170,2304,33,,2,33,4,31.7,23.35
20.GS.C4B.PYT.500.IK,IK21,2021,Ikenne,PYT,TMS18F1334P0023,G290,2306,33,,2,33,6,37.9,35.77
20.GS.C4B.PYT.500.IK,IK21,2021,Ikenne,PYT,TMS13F1343P0022,G10,2307,33,,2,33,7,37.1,28.75
20.GS.C4B.PYT.500.IK,IK21,2021,Ikenne,PYT,TMS18F1038P0056,G33,2308,33,,2,33,8,29.8,23.54
20.GS.C4B.PYT.500.IK,IK21,2021,Ikenne,PYT,TMS18F1424P0020,G421,2309,33,,2,33,9,21.2,13.33
20.GS.C4B.PYT.500.IK,IK21,2021,Ikenne,PYT,TMS18F1377P0023,G403,2311,33,,2,33,11,38.1,30.5
20.GS.C4B.PYT.500.IK,IK21,2021,Ikenne,PYT,TMS18F1436P0049,G424,2315,33,,2,33,15,38.8,31.91
20.GS.C4B.PYT.500.IK,IK21,2021,Ikenne,PYT,IITA-TMS-IBA982101,G4,2318,33,1,2,33,18,35.8,26.79
20.GS.C4B.PYT.500.IK,IK21,2021,Ikenne,PYT,TMS18F1258P0156,G156,2319,33,,2,33,19,35.7,26.01
20.GS.C4B.PYT.500.IK,IK21,2021,Ikenne,PYT,TMS18F1121P0029,G91,2320,33,,2,33,20,34.3,30.5
20.GS.C4B.PYT.500.IK,IK21,2021,Ikenne,PYT,TMS18F1369P0010,G391,2322,33,,2,33,22,36,30.14
20.GS.C4B.PYT.500.IK,IK21,2021,Ikenne,PYT,TMS18F1310P0151,G228,2325,33,,2,33,25,38.5,33.51
20.GS.C4B.PYT.500.IK,IK21,2021,Ikenne,PYT,TMS18F1142P0017,G105,2327,34,,2,34,24,44.5,39.32
20.GS.C4B.PYT.500.IK,IK21,2021,Ikenne,PYT,TMEB419,G6,2328,34,1,2,34,23,35.2,26.46
20.GS.C4B.PYT.500.IK,IK21,2021,Ikenne,PYT,TMS18F1073P0035,G65,2329,34,,2,34,22,20.8,16.25
20.GS.C4B.PYT.500.IK,IK21,2021,Ikenne,PYT,TMS18F1333p0013,G288,2331,34,,2,34,20,30.5,25.24
20.GS.C4B.PYT.500.IK,IK21,2021,Ikenne,PYT,TMS18F1306P0127,G215,2332,34,,2,34,19,43,34.68
20.GS.C4B.PYT.500.IK,IK21,2021,Ikenne,PYT,IITA-TMS-IBA000070,G1,2333,34,1,2,34,18,34.8,27.57
20.GS.C4B.PYT.500.IK,IK21,2021,Ikenne,PYT,TMS18F1348P0156,G349,2334,34,,2,34,17,37.6,32.6
20.GS.C4B.PYT.500.IK,IK21,2021,Ikenne,PYT,TMS18F1396P0053,G414,2335,34,,2,34,16,36,27.99
20.GS.C4B.PYT.500.IK,IK21,2021,Ikenne,PYT,TMS18F1318P0007,G242,2337,34,,2,34,14,23.6,19.49
20.GS.C4B.PYT.500.IK,IK21,2021,Ikenne,PYT,TMS18F1280P0112,G183,2339,34,,2,34,12,42,31.36
20.GS.C4B.PYT.500.IK,IK21,2021,Ikenne,PYT,TMS18F1010P0011,G22,2341,34,,2,34,10,34.7,24.18
20.GS.C4B.PYT.500.IK,IK21,2021,Ikenne,PYT,TMS18F1202p0001,G127,2342,34,,2,34,9,,28.87
20.GS.C4B.PYT.500.IK,IK21,2021,Ikenne,PYT,TMS18F1152P0003,G109,2343,34,,2,34,8,43.1,28.3
20.GS.C4B.PYT.500.IK,IK21,2021,Ikenne,PYT,TMS18F1305P0138,G213,2344,34,,2,34,7,42.9,33.3
20.GS.C4B.PYT.500.IK,IK21,2021,Ikenne,PYT,TMS18F1562P0030,G453,2345,34,,2,34,6,37.8,32.72
20.GS.C4B.PYT.500.IK,IK21,2021,Ikenne,PYT,TMS18F1348P0051,G337,2346,34,,2,34,5,32.6,28.96
20.GS.C4B.PYT.500.IK,IK21,2021,Ikenne,PYT,TMS18F1178P0010,G120,2348,34,,2,34,3,35.1,24.95
20.GS.C4B.PYT.500.IK,IK21,2021,Ikenne,PYT,TMS18F1322P0019,G259,2352,35,,2,35,2,40.6,29.7
20.GS.C4B.PYT.500.IK,IK21,2021,Ikenne,PYT,TMS18F1003P0010,G16,2353,35,,2,35,3,36.3,26.37
20.GS.C4B.PYT.500.IK,IK21,2021,Ikenne,PYT,TMS18F1139P0076,G104,2356,35,,2,35,6,42.6,34.61
20.GS.C4B.PYT.500.IK,IK21,2021,Ikenne,PYT,IITA-TMS-IBA30572,G2,2357,35,1,2,35,7,35.2,24.11
20.GS.C4B.PYT.500.IK,IK21,2021,Ikenne,PYT,TMS18F1051P0059,G47,2358,35,,2,35,8,29,19.27
20.GS.C4B.PYT.500.IK,IK21,2021,Ikenne,PYT,TMS18F1280P0140,G186,2359,35,,2,35,9,31,24.68
20.GS.C4B.PYT.500.IK,IK21,2021,Ikenne,PYT,TMS18F1325P0032,G274,2360,35,,2,35,10,27,22.12
20.GS.C4B.PYT.500.IK,IK21,2021,Ikenne,PYT,TMS18F1076P0066,G68,2361,35,,2,35,11,27.7,23.23
20.GS.C4B.PYT.500.IK,IK21,2021,Ikenne,PYT,TMS18F1004P0008,G18,2364,35,,2,35,14,40.9,33.71
20.GS.C4B.PYT.500.IK,IK21,2021,Ikenne,PYT,TMS18F1044P0013,G41,2365,35,,2,35,15,30.4,22.95
20.GS.C4B.PYT.500.IK,IK21,2021,Ikenne,PYT,TMS18F1286P0012,G190,2367,35,,2,35,17,31.5,25.49
20.GS.C4B.PYT.500.IK,IK21,2021,Ikenne,PYT,TMS18F1107P0020,G85,2369,35,,2,35,19,31.7,25.95
20.GS.C4B.PYT.500.IK,IK21,2021,Ikenne,PYT,TMS18F1120P0004,G89,2371,35,,2,35,21,29.5,23.88
20.GS.C4B.PYT.500.IK,IK21,2021,Ikenne,PYT,TMS18F1040P0044,G36,2373,35,,2,35,23,34.4,30.8
20.GS.C4B.PYT.500.IK,IK21,2021,Ikenne,PYT,TMS18F1348P0098,G342,2376,36,,2,36,25,33.7,28.93
20.GS.C4B.PYT.500.IK,IK21,2021,Ikenne,PYT,TMS18F1330P0020,G283,2378,36,,2,36,23,34.6,26.88
20.GS.C4B.PYT.500.IK,IK21,2021,Ikenne,PYT,TMS18F1370P0008,G395,2379,36,,2,36,22,32,20.58
20.GS.C4B.PYT.500.IK,IK21,2021,Ikenne,PYT,TMS18F1395P0010,G409,2380,36,,2,36,21,30.3,26.6
20.GS.C4B.PYT.500.IK,IK21,2021,Ikenne,PYT,TMS18F1352P0002,G364,2385,36,,2,36,16,33.7,30.5
20.GS.C4B.PYT.500.IK,IK21,2021,Ikenne,PYT,TMS18F1003P0014,G17,2386,36,,2,36,15,33.3,28.95
20.GS.C4B.PYT.500.IK,IK21,2021,Ikenne,PYT,TMS18F1175P0053,G119,2387,36,,2,36,14,21.3,14.35
20.GS.C4B.PYT.500.IK,IK21,2021,Ikenne,PYT,TMS18F1328P0027,G278,2388,36,,2,36,13,29.8,25.42
20.GS.C4B.PYT.500.IK,IK21,2021,Ikenne,PYT,TMS18F1323P0041,G263,2391,36,,2,36,10,32.7,34.19
20.GS.C4B.PYT.500.IK,IK21,2021,Ikenne,PYT,TMS18F1344P0198,G327,2392,36,,2,36,9,24.7,19.81
20.GS.C4B.PYT.500.IK,IK21,2021,Ikenne,PYT,TMS18F1336P0014,G294,2393,36,,2,36,8,36.2,28.62
20.GS.C4B.PYT.500.IK,IK21,2021,Ikenne,PYT,TMS18F1018P0001,G24,2394,36,,2,36,7,31.9,25.65
20.GS.C4B.PYT.500.IK,IK21,2021,Ikenne,PYT,TMS18F1324P0093,G270,2396,36,,2,36,5,37.6,27.28
20.GS.C4B.PYT.500.IK,IK21,2021,Ikenne,PYT,TMS18F1076P0114,G74,2398,36,,2,36,3,30.5,25.69
20.GS.C4B.PYT.500.IK,IK21,2021,Ikenne,PYT,TMS18F1447P0002,G426,2400,36,,2,36,1,26.5,19.6
20.GS.C4B.PYT.500.IK,IK21,2021,Ikenne,PYT,TMS18F1365P0024,G387,2403,37,,2,37,3,36.9,29.96
20.GS.C4B.PYT.500.IK,IK21,2021,Ikenne,PYT,TMS18F1310P0088,G226,2404,37,,2,37,4,35.9,29.72
20.GS.C4B.PYT.500.IK,IK21,2021,Ikenne,PYT,TMS18F1344P0014,G320,2406,37,,2,37,6,33.9,27.13
20.GS.C4B.PYT.500.IK,IK21,2021,Ikenne,PYT,TMS18F1361P0018,G379,2409,37,,2,37,9,34.7,27.05
20.GS.C4B.PYT.500.IK,IK21,2021,Ikenne,PYT,TMS18F1284P0003,G189,2410,37,,2,37,10,35.6,29.5
20.GS.C4B.PYT.500.IK,IK21,2021,Ikenne,PYT,TMS18F1314P0042,G237,2411,37,,2,37,11,27.4,22.78
20.GS.C4B.PYT.500.IK,IK21,2021,Ikenne,PYT,TMS18F1138P0030,G101,2413,37,,2,37,13,38.9,27.68
20.GS.C4B.PYT.500.IK,IK21,2021,Ikenne,PYT,TMS18F1371P0001,G396,2414,37,,2,37,14,29.6,23.25
20.GS.C4B.PYT.500.IK,IK21,2021,Ikenne,PYT,TMS18F1310P0148,G227,2416,37,,2,37,16,38.6,17.18
20.GS.C4B.PYT.500.IK,IK21,2021,Ikenne,PYT,TMS18F1447P0062,G428,2417,37,,2,37,17,43.6,36.57
20.GS.C4B.PYT.500.IK,IK21,2021,Ikenne,PYT,TMS18F1261P0005,G160,2425,37,,2,37,25,33.7,
20.GS.C4B.PYT.500.IK,IK21,2021,Ikenne,PYT,TMS18F1320P0032,G253,2431,38,,2,38,20,32.7,19.34
20.GS.C4B.PYT.500.IK,IK21,2021,Ikenne,PYT,TMS18F1272P0037,G168,2433,38,,2,38,18,25.2,19.77
20.GS.C4B.PYT.500.IK,IK21,2021,Ikenne,PYT,TMS18F1372P0024,G399,2436,38,,2,38,15,27.6,24.23
20.GS.C4B.PYT.500.IK,IK21,2021,Ikenne,PYT,IITA-TMS-IBA30572,G2,2437,38,1,2,38,14,24.9,
20.GS.C4B.PYT.500.IK,IK21,2021,Ikenne,PYT,IITA-TMS-IBA000070,G1,2438,38,1,2,38,13,31.8,25.16
20.GS.C4B.PYT.500.IK,IK21,2021,Ikenne,PYT,TMEB419,G6,2440,38,1,2,38,11,40.7,
20.GS.C4B.PYT.500.IK,IK21,2021,Ikenne,PYT,TMS18F1329P0011,G280,2442,38,,2,38,9,30.4,24.16
20.GS.C4B.PYT.500.IK,IK21,2021,Ikenne,PYT,TMS18F1346P0023,G332,2445,38,,2,38,6,31.2,24.07
20.GS.C4B.PYT.500.IK,IK21,2021,Ikenne,PYT,TMS18F1211P0035,G134,2446,38,,2,38,5,33.6,21.96
20.GS.C4B.PYT.500.IK,IK21,2021,Ikenne,PYT,TMS18F1348P0088,G338,2447,38,,2,38,4,27.2,21.88
20.GS.C4B.PYT.500.IK,IK21,2021,Ikenne,PYT,IITA-TMS-IBA980581,G3,2450,38,1,2,38,1,28.4,24.89
20.GS.C4B.PYT.500.IK,IK21,2021,Ikenne,PYT,TMS18F1313P0001,G232,2454,39,,2,39,4,23.1,16.6
20.GS.C4B.PYT.500.IK,IK21,2021,Ikenne,PYT,TMS18F1343P0171,G318,2456,39,,2,39,6,23.5,18.06
20.GS.C4B.PYT.500.IK,IK21,2021,Ikenne,PYT,TMS18F1349P0126,G354,2457,39,,2,39,7,29,24.2
20.GS.C4B.PYT.500.IK,IK21,2021,Ikenne,PYT,TMS18F1047P0045,G43,2459,39,,2,39,9,24.5,19.55
20.GS.C4B.PYT.500.IK,IK21,2021,Ikenne,PYT,TMS18F1298P0044,G203,2460,39,,2,39,10,27.6,23.57
20.GS.C4B.PYT.500.IK,IK21,2021,Ikenne,PYT,TMS18F1003P0003,G14,2461,39,,2,39,11,32.7,23.5
20.GS.C4B.PYT.500.IK,IK21,2021,Ikenne,PYT,TMS18F1163P0044,G114,2463,39,,2,39,13,30.4,27.41
20.GS.C4B.PYT.500.IK,IK21,2021,Ikenne,PYT,TMS18F1096P0013,G83,2464,39,,2,39,14,38.7,28.39
20.GS.C4B.PYT.500.IK,IK21,2021,Ikenne,PYT,TMS18F1562P0026,G452,2465,39,,2,39,15,32.7,28.43
20.GS.C4B.PYT.500.IK,IK21,2021,Ikenne,PYT,TMS18F1426P0001,G423,2472,39,,2,39,22,36.2,28.53
20.GS.C4B.PYT.500.IK,IK21,2021,Ikenne,PYT,TMS18F1317P0048,G238,2474,39,,2,39,24,33.2,26.81
20.GS.C4B.PYT.500.IK,IK21,2021,Ikenne,PYT,TMS18F1355p0025,G372,2476,40,,2,40,25,29.8,23.85
20.GS.C4B.PYT.500.IK,IK21,2021,Ikenne,PYT,TMS18F1337P0044,G296,2477,40,,2,40,24,33.5,27.62
20.GS.C4B.PYT.500.IK,IK21,2021,Ikenne,PYT,TMS18F1240P0026,G151,2480,40,,2,40,21,33.8,27.27
20.GS.C4B.PYT.500.IK,IK21,2021,Ikenne,PYT,TMS18F1174P0011,G117,2482,40,,2,40,19,27.4,21.83
20.GS.C4B.PYT.500.IK,IK21,2021,Ikenne,PYT,TMS18F1025P0041,G28,2486,40,,2,40,15,32.6,28.51
20.GS.C4B.PYT.500.IK,IK21,2021,Ikenne,PYT,TMS18F1309P0074,G225,2487,40,,2,40,14,22.2,20.92
20.GS.C4B.PYT.500.IK,IK21,2021,Ikenne,PYT,TMS18F1240P0024,G150,2488,40,,2,40,13,37.4,30.27
20.GS.C4B.PYT.500.IK,IK21,2021,Ikenne,PYT,TMS18F1306P0114,G214,2490,40,,2,40,11,35.3,29.19
20.GS.C4B.PYT.500.IK,IK21,2021,Ikenne,PYT,TMS18F1332P0002,G286,2495,40,,2,40,6,21.8,16.09
20.GS.C4B.PYT.500.IK,IK21,2021,Ikenne,PYT,TMS18F1320P0086,G256,2499,40,,2,40,2,26.9,